FileType,OuDiaSecond.JikokuhyouCsv.2
2604改正古中鉄道運行時刻表260402版
上り

列車番号,,A0427K,003-042,A0558S,013-042,020-042,A0552S,019-052,011-052,056-052,005-052,A0560S,A0511K,002-052,A0527K,001-052,022-052,A0522K,A0658S,003-052,016-052,A0516K,A0661S,A0651S,031-052,059-052,A0559S,A0652S,020-062,056-062,A0656S,A0611K,019-062,026-062,A0626K,A0653S,A0627K,005-062,014-062,055-062,A0655S,A0658S②,008-062,017-062,060-062,A0660S,A0661S②,002-062,024-062,054-062,A0654S,A0759S,001-062,025-062,013-062,A0613K,A0756S,003-062,022-062,023-062,A0623S,A0726K,015-062,020-072,016-072,A0716K,A0727K,006-072,051-072,019-072,A0719K,A0758S,005-072,052-072,014-072,A0714K,A0761S,008-072,011-072,017-072,A0717K,A0759S②,002-072,053-072,024-072,A0724K,A0856S,001-072,055-072,025-072,A0725K,A0826K,003-072,060-072,022-072,A0722K,A0827K,015-072,054-072,020-074,A0720K,A0858S,006-082,013-082,051-082,A0851S,A0861S,005-082,023-082,052-082,A0852S,A0821K,A0859S,008-082,016-082,016-082,A0811K,A0856S②,002-082,019-082,053-082,A0853S,017-082,001-082,014-082,A0814K,055-082,060-082,A0860S,003-082,A0926K,054-082,A0854S,A0960S,024-082,015-082,025-082,A0825K,A0920K,006-092,005-092,022-092,A0922K,A0921K,008-092,051-092,A0951S,A0956S,001-092,052-092,A0952S,A0926K②,009-092,055-092,011-092,A0911K,A0960S②,003-092,014-092,A0914K,A1020K,015-092,054-092,A0954S,A1021K,006-102,025-102,A1025K,A1056S,008-102,022-102,A1022K,A1026K,001-102,051-102,A1051S,A1060S,009-102,052-102,A1052S,A1020K②,003-102,011-102,A1011K,A1121K,015-102,014-102,A1014K,A1156S,006-112,054-102,A1054S,A1126K,008-112,025-112,A1125K,A1160S,001-112,022-112,A1122K,A1120K,009-112,051-112,A1151S,A1121K②,003-112,052-112,A1152S,A1256S,015-112,011-112,A1111K,A1226K,006-122,014-122,A1214K,A1260S,008-122,054-122,A1254S,A1220K,001-122,025-122,A1225K,A1221K,009-122,022-122,A1222K,A1256S②,003-122,051-122,A1251S,A1326K,015-122,052-122,A1252S,A1360S,006-132,011-132,A1311K,A1320K,008-132,014-132,A1314K,A1321K,001-132,054-132,A1354S,A1356S,009-132,025-132,A1325K,A1326K②,003-132,022-132,A1322K,A1460S,015-132,051-132,A1351S,A1420K,006-142,052-142,A1452S,A1421K,008-142,011-142,A1411K,A1456S,001-142,014-142,A1414K,A1426K,009-142,054-142,A1454S,A1460S②,003-142,025-142,A1425K,A1520K,015-142,022-142,A1422K,A1521K,006-152,051-152,A1551S,A1556S,008-152,052-152,A1552S,A1526K,001-152,011-152,A1511K,A1560S,009-152,014-152,A1514K,A1520K②,003-152,054-152,A1554S,A1621K,015-152,025-152,A1525K,A1656S,006-162,022-162,A1622K,A1626K,008-162,051-162,A1651S,A1660S,001-162,052-162,A1652S,A1620K,009-162,011-162,A1611K,A1621K②,003-162,014-162,A1614K,A1756S,A1712K,015-162,054-162,A1654S,A1726K,006-172,025-172,A1725K,A1760S,A1757S,008-172,022-172,A1722K,A1720K,007-172,001-172,051-172,A1751S,A1721K,A1759S,009-172,052-172,A1752S,A1756S②,002-172,011-172,A1711K,A1812K,003-172,015-172,A1715K,A1825K,018-172,014-172,A1714K,A1822K,006-182,054-182,A1854S,A1820K,007-182,026-182,A1826K,A1821K,008-182,060-182,060-182,A1859S,001-182,057-182,A1857S,A1811K,009-182,051-182,A1851S,A1915K,002-182,052-182,A1852S,A1914K,003-182,056-182,A1856S,A1954S,018-182,012-192,A1912K,A1926K,006-192,025-192,A1925K,A1960S,007-192,022-192,A1922K,A1957S,008-192,020-192,A1920K,A1951S,001-192,021-192,A1921K,A1952S,009-192,059-192,A1959S,A2056S,002-192,011-192,A1911K,A2012K,003-192,015-192,A2015K,A2025K,018-202,014-202,A2014K,A2022K,006-202,054-202,A2054S,A2020K,007-202,026-202,A2026K,A2021K,008-202,060-202,A2060S,A2059S,001-202,057-202,A2057S,A2112K,009-202,051-202,A2051S,A2125K,052-202,A2052S,002-202,003-202,056-212,A2156S,A2122K,018-212,015-212,A2115K,A2120K,006-212,014-212,A2114K,A2159S,007-212,026-212,A2126K,A2112K,001-212,021-212,A2121K,A2225K,009-212,057-212,A2157S,A2222K,055-222,002-212,051-222,A2251S,A2220K,018-222,056-222,A2256S,A2259S,005-222,006-222,015-222,A2212K,007-222,014-222,A2214K,A2225K②,001-222,026-222,A2326K,055-224,002-222,021-232,A2321K,A2320K,018-232,051-232,A2351S,A2359S,007-232,056-232,A2356S,A2314K,001-232,012-232,A2312K,A2426K,002-242,025-242,A2425K,A2425K②,A2420K,018-242,051-242,A2451S,A2459S,001-242,014-242,002-244
運用番号,,27K,03,58S,13K,20K,52S,19K,11K,56S,05,60S,11K,02,27K,01,22K,22K,58S,03,16K,16K,61S,51S,13K,59S,59S,52S,20K,56S,56S,11K,19K,26K,26K,53S,27K,05,14K,55S,55S,58S,08,17K,60S,60S,61S,02,24K,54S,54S,59S,01,25K,13K,13K,56S,03,22K,23K,23K,26K,15K,20K,16K,16K,27K,06,51S,19K,19K,58S,05,52S,14K,14K,61S,08,11K,17K,17K,59S,02,53S,24K,24K,56S,01,55S,25K,25K,26K,03,60S,22K,22K,27K,15K,54S,20K,20K,58S,06,13K,51S,51S,61S,05,23K,52S,52S,21K,59S,08,16K,11K,11K,56S,02,19K,53S,53S,17K,01,14K,14K,55S,60S,60S,03,26K,54S,54S,60S,24K,15K,25K,25K,20K,06,05,22K,22K,21K,08,51S,51S,56S,01,52S,52S,26K,09,55S,11K,11K,60S,03,14K,14K,20K,15K,54S,54S,21K,06,25K,25K,56S,08,22K,22K,26K,01,51S,51S,60S,09,52S,52S,20K,03,11K,11K,21K,15K,14K,14K,56S,06,54S,54S,26K,08,25K,25K,60S,01,22K,22K,20K,09,51S,51S,21K,03,52S,52S,56S,15K,11K,11K,26K,06,14K,14K,60S,08,54S,54S,20K,01,25K,25K,21K,09,22K,22K,56S,03,51S,51S,26K,15K,52S,52S,60S,06,11K,11K,20K,08,14K,14K,21K,01,54S,54S,56S,09,25K,25K,26K,03,22K,22K,60S,15K,51S,51S,20K,06,52S,52S,21K,08,11K,11K,56S,01,14K,14K,26K,09,54S,54S,60S,03,25K,25K,20K,15K,22K,22K,21K,06,51S,51S,56S,08,52S,52S,26K,01,11K,11K,60S,09,14K,14K,20K,03,54S,54S,21K,15K,25K,25K,56S,06,22K,22K,26K,08,51S,51S,60S,01,52S,52S,20K,09,11K,11K,21K,03,14K,14K,56S,12K,15K,54S,54S,26K,06,25K,25K,60S,57S,08,22K,22K,20K,07,01,51S,51S,21K,59S,09,52S,52S,56S,02,11K,11K,12K,03,15K,15K,25K,18K,14K,14K,22K,06,54S,54S,20K,07,26K,26K,21K,08,60S,60S,59S,01,57S,57S,11K,09,51S,51S,15K,02,52S,52S,14K,03,56S,56S,54S,18K,12K,12K,26K,06,25K,25K,60S,07,22K,22K,57S,08,20K,20K,51S,01,21K,21K,52S,09,59S,59S,56S,02,11K,11K,12K,03,15K,15K,25K,18K,14K,14K,22K,06,54S,54S,20K,07,26K,26K,21K,08,60S,60S,59S,01,57S,57S,12K,09,51S,51S,25K,52S,52S,02,03,56S,56S,22K,18K,15K,15K,20K,06,14K,14K,59S,07,26K,26K,12K,01,21K,21K,25K,09,57S,57S,22K,55S,02,51S,51S,20K,18K,56S,56S,59S,05,06,15K,12K,07,14K,14K,25K,01,26K,26K,55S,02,21K,21K,20K,18K,51S,51S,59S,07,56S,56S,14K,01,12K,12K,26K,02,25K,25K,25K,20K,18K,51S,51S,59S,01,14K,02
列車種別,,各駅停車,普通,各駅停車,普通,普通,各駅停車,普通,回送,回送,急行,回送,各駅停車,普通,各駅停車,普通,急行,快速,各駅停車,普通,急行,快速,回送,各駅停車,普通,急行,快速,各駅停車,普通,急行,快速,各駅停車,普通,急行,快速,回送,各駅停車,普通,急行,準急,快速,各駅停車,普通,急行,準急,快速,各駅停車,普通,急行,準急,快速,各駅停車,普通,急行,準急,快速,各駅停車,普通,急行,準急,快速,各駅停車,普通,急行,準急,快速,各駅停車,普通,急行,準急,快速,各駅停車,普通,急行,準急,快速,各駅停車,普通,急行,準急,快速,各駅停車,普通,急行,準急,快速,各駅停車,普通,急行,準急,快速,各駅停車,普通,急行,準急,快速,各駅停車,普通,急行,準急,快速,各駅停車,普通,急行,準急,特急,各駅停車,普通,急行,準急,特急,回送,各駅停車,普通,特急,準急,特急,各駅停車,普通,急行,準急,各駅停車,回送,普通,急行,特急,準急,回送,回送,普通,各駅停車,特急,特急,各駅停車,回送,普通,特急,特急,各駅停車,普通,回送,特急,特急,各駅停車,普通,特急,特急,各駅停車,普通,特急,特急,各駅停車,回送,普通,特急,特急,各駅停車,普通,特急,特急,各駅停車,普通,特急,特急,各駅停車,普通,特急,特急,各駅停車,普通,特急,特急,各駅停車,普通,特急,特急,各駅停車,普通,特急,特急,各駅停車,普通,特急,特急,各駅停車,普通,特急,特急,各駅停車,普通,特急,特急,各駅停車,普通,特急,特急,各駅停車,普通,特急,特急,各駅停車,普通,特急,特急,各駅停車,普通,特急,特急,各駅停車,普通,特急,特急,各駅停車,普通,特急,特急,各駅停車,普通,特急,特急,各駅停車,普通,特急,特急,各駅停車,普通,特急,特急,各駅停車,普通,特急,特急,各駅停車,普通,特急,特急,各駅停車,普通,特急,特急,各駅停車,普通,特急,特急,各駅停車,普通,特急,特急,各駅停車,普通,特急,特急,各駅停車,普通,特急,特急,各駅停車,普通,特急,特急,各駅停車,普通,特急,特急,各駅停車,普通,特急,特急,各駅停車,普通,特急,特急,各駅停車,普通,特急,特急,各駅停車,普通,特急,特急,各駅停車,普通,特急,特急,各駅停車,普通,特急,特急,各駅停車,普通,特急,特急,各駅停車,普通,特急,特急,各駅停車,普通,特急,特急,各駅停車,普通,特急,特急,各駅停車,普通,特急,特急,各駅停車,普通,特急,特急,各駅停車,普通,特急,特急,各駅停車,普通,特急,特急,各駅停車,普通,特急,特急,各駅停車,普通,特急,特急,各駅停車,回送,普通,特急,特急,各駅停車,普通,特急,特急,各駅停車,回送,普通,特急,特急,各駅停車,回送,普通,特急,特急,各駅停車,回送,普通,急行,特急,各駅停車,普通,特急,特急,各駅停車,普通,急行,特急,各駅停車,普通,急行,特急,各駅停車,普通,急行,特急,各駅停車,普通,急行,特急,各駅停車,普通,急行,特急,各駅停車,普通,急行,特急,各駅停車,普通,急行,特急,各駅停車,普通,急行,特急,各駅停車,普通,急行,特急,各駅停車,普通,急行,特急,各駅停車,普通,急行,特急,各駅停車,普通,急行,特急,各駅停車,普通,急行,特急,各駅停車,普通,急行,特急,各駅停車,普通,急行,特急,各駅停車,普通,急行,特急,各駅停車,普通,急行,特急,各駅停車,普通,急行,特急,各駅停車,普通,急行,各駅停車,各駅停車,普通,特急,特急,各駅停車,普通,急行,各駅停車,各駅停車,普通,特急,特急,各駅停車,普通,急行,特急,各駅停車,急行,各駅停車,普通,普通,特急,特急,各駅停車,普通,急行,特急,各駅停車,普通,特急,特急,各駅停車,普通,特急,特急,各駅停車,普通,急行,特急,各駅停車,普通,急行,特急,各駅停車,回送,普通,急行,特急,各駅停車,普通,急行,特急,各駅停車,回送,普通,準急,各駅停車,普通,急行,特急,各駅停車,普通,急行,各駅停車,準急,普通,急行,特急,各駅停車,普通,急行,特急,各駅停車,普通,急行,各駅停車,各駅停車,普通,急行,特急,各駅停車,普通,急行,各駅停車,回送,各駅停車,普通,急行,特急,各駅停車,普通,急行,普通
列車名,,,,,,,,,,,,,,,,,,,,,,,,,,,,,,,,,,,,,,,,,,,,,,,,,,,,,,,,,,,,,,,,,,,,,,,,,,,,,,,,,,,,,,,,,,,,,,,,,,,,,,,,,,,,,,,,,,,,,,,,,,,,,,,,,,,,,,,,,,,,,,,,,,,,,,,,,,,,,,,,,,,,,,,,,,,,,,,,,,,,,,,,,,,,,,,,,,,,,,,,,,,,,,,,,,,,,,,,,,,,,,,,,,,,,,,,,,,,,,,,,,,,,,,,,,,,,,,,,,,,,,,,,,,,,,,,,,,,,,,,,,,,,,,,,,,,,,,,,,,,,,,,,,,,,,,,,,,,,,,,,,,,,,,,,,,,,,,,,,,,,,,,,,,,,,,,,,,,,,,,,,,,,,,,,,,,,,,,,,,,,,,,,,,,,,,,,,,,,,,,,,,,,,,,,,,,,,,,,,,,,,,,,,,,,,,,,,,,,,,,,,,,,,,,,,,,,,,,,,,,,,,,,,,,,,,,,,,,,,,,,,,,,,,,,,,,,,,,,,,,,,,,,,,,,,,,,,,,,,,,,,,,,
号数,,,,,,,,,,,,,,,,,,,,,,,,,,,,,,,,,,,,,,,,,,,,,,,,,,,,,,,,,,,,,,,,,,,,,,,,,,,,,,,,,,,,,,,,,,,,,,,,,,,,,,,,,,,,,,,,,,,,,,,,,,,,,,,,,,,,,,,,,,,,,,,,,,,,,,,,,,,,,,,,,,,,,,,,,,,,,,,,,,,,,,,,,,,,,,,,,,,,,,,,,,,,,,,,,,,,,,,,,,,,,,,,,,,,,,,,,,,,,,,,,,,,,,,,,,,,,,,,,,,,,,,,,,,,,,,,,,,,,,,,,,,,,,,,,,,,,,,,,,,,,,,,,,,,,,,,,,,,,,,,,,,,,,,,,,,,,,,,,,,,,,,,,,,,,,,,,,,,,,,,,,,,,,,,,,,,,,,,,,,,,,,,,,,,,,,,,,,,,,,,,,,,,,,,,,,,,,,,,,,,,,,,,,,,,,,,,,,,,,,,,,,,,,,,,,,,,,,,,,,,,,,,,,,,,,,,,,,,,,,,,,,,,,,,,,,,,,,,,,,,,,,,,,,,,,,,,,,,,,,,,,,,,
,,,,,,,,,,,,,,,,,,,,,,,,,,,,,,,,,,,,,,,,,,,,,,,,,,,,,,,,,,,,,,,,,,,,,,,,,,,,,,,,,,,,,,,,,,,,,,,,,,,,,,,,,,,,,,,,,,,,,,,,,,,,,,,,,,,,,,,,,,,,,,,,,,,,,,,,,,,,,,,,,,,,,,,,,,,,,,,,,,,,,,,,,,,,,,,,,,,,,,,,,,,,,,,,,,,,,,,,,,,,,,,,,,,,,,,,,,,,,,,,,,,,,,,,,,,,,,,,,,,,,,,,,,,,,,,,,,,,,,,,,,,,,,,,,,,,,,,,,,,,,,,,,,,,,,,,,,,,,,,,,,,,,,,,,,,,,,,,,,,,,,,,,,,,,,,,,,,,,,,,,,,,,,,,,,,,,,,,,,,,,,,,,,,,,,,,,,,,,,,,,,,,,,,,,,,,,,,,,,,,,,,,,,,,,,,,,,,,,,,,,,,,,,,,,,,,,,,,,,,,,,,,,,,,,,,,,,,,,,,,,,,,,,,,,,,,,,,,,,,,,,,,,,,,,,,,,,,,,,,,,,,,,
終着駅,,新二鳥,九十九市場,新二鳥,菊中市,滝之川信号場,新二鳥,菊中市,滝之川信号場,葉山二俣国大,四津川大学前,汐浪公園,二鳥新町,菊中市,新二鳥,菊中市,菊中市,二鳥新町,新二鳥,菊中市,菊中市,二鳥新町,新二鳥,新二鳥,菊中市,菊中市,二鳥新町,新二鳥,菊中市,菊中市,二鳥新町,新二鳥,菊中市,菊中市,二鳥新町,新二鳥,新二鳥,菊中市,菊中市,菊中市,二鳥新町,新二鳥,菊中市,菊中市,菊中市,二鳥新町,新二鳥,菊中市,菊中市,菊中市,二鳥新町,新二鳥,菊中市,菊中市,菊中市,二鳥新町,新二鳥,菊中市,菊中市,菊中市,二鳥新町,新二鳥,菊中市,菊中市,菊中市,二鳥新町,新二鳥,菊中市,菊中市,菊中市,二鳥新町,新二鳥,菊中市,菊中市,菊中市,二鳥新町,新二鳥,菊中市,菊中市,菊中市,二鳥新町,新二鳥,菊中市,菊中市,菊中市,二鳥新町,新二鳥,菊中市,菊中市,菊中市,二鳥新町,新二鳥,菊中市,菊中市,菊中市,二鳥新町,新二鳥,菊中市,菊中市,菊中市,二鳥新町,新二鳥,菊中市,菊中市,菊中市,二鳥新町,新二鳥,菊中市,菊中市,菊中市,二鳥新町,新二鳥,新二鳥,菊中市,菊中市,菊中市,二鳥新町,新二鳥,菊中市,菊中市,菊中市,二鳥新町,四津川大学前,菊中市,菊中市,二鳥新町,菊中市,菊中市,二鳥新町,菊中市,新二鳥,菊中市,二鳥新町,新二鳥,四津川大学前,菊中市,菊中市,二鳥新町,新二鳥,菊中市,菊中市,菊中市,二鳥新町,新二鳥,菊中市,菊中市,二鳥新町,新二鳥,菊中市,菊中市,二鳥新町,新二鳥,滝之川信号場,菊中市,菊中市,二鳥新町,新二鳥,菊中市,菊中市,二鳥新町,新二鳥,菊中市,菊中市,二鳥新町,新二鳥,菊中市,菊中市,二鳥新町,新二鳥,菊中市,菊中市,二鳥新町,新二鳥,菊中市,菊中市,二鳥新町,新二鳥,菊中市,菊中市,二鳥新町,新二鳥,菊中市,菊中市,二鳥新町,新二鳥,菊中市,菊中市,二鳥新町,新二鳥,菊中市,菊中市,二鳥新町,新二鳥,菊中市,菊中市,二鳥新町,新二鳥,菊中市,菊中市,二鳥新町,新二鳥,菊中市,菊中市,二鳥新町,新二鳥,菊中市,菊中市,二鳥新町,新二鳥,菊中市,菊中市,二鳥新町,新二鳥,菊中市,菊中市,二鳥新町,新二鳥,菊中市,菊中市,二鳥新町,新二鳥,菊中市,菊中市,二鳥新町,新二鳥,菊中市,菊中市,二鳥新町,新二鳥,菊中市,菊中市,二鳥新町,新二鳥,菊中市,菊中市,二鳥新町,新二鳥,菊中市,菊中市,二鳥新町,新二鳥,菊中市,菊中市,二鳥新町,新二鳥,菊中市,菊中市,二鳥新町,新二鳥,菊中市,菊中市,二鳥新町,新二鳥,菊中市,菊中市,二鳥新町,新二鳥,菊中市,菊中市,二鳥新町,新二鳥,菊中市,菊中市,二鳥新町,新二鳥,菊中市,菊中市,二鳥新町,新二鳥,菊中市,菊中市,二鳥新町,新二鳥,菊中市,菊中市,二鳥新町,新二鳥,菊中市,菊中市,二鳥新町,新二鳥,菊中市,菊中市,二鳥新町,新二鳥,菊中市,菊中市,二鳥新町,新二鳥,菊中市,菊中市,二鳥新町,新二鳥,菊中市,菊中市,二鳥新町,新二鳥,菊中市,菊中市,二鳥新町,新二鳥,菊中市,菊中市,二鳥新町,新二鳥,菊中市,菊中市,二鳥新町,新二鳥,菊中市,菊中市,二鳥新町,新二鳥,菊中市,菊中市,二鳥新町,新二鳥,菊中市,菊中市,二鳥新町,新二鳥,菊中市,菊中市,二鳥新町,新二鳥,菊中市,菊中市,二鳥新町,新二鳥,新二鳥,菊中市,菊中市,二鳥新町,新二鳥,菊中市,菊中市,二鳥新町,新二鳥,新二鳥,菊中市,菊中市,二鳥新町,新二鳥,滝之川信号場,菊中市,菊中市,二鳥新町,新二鳥,新二鳥,菊中市,菊中市,二鳥新町,新二鳥,菊中市,菊中市,二鳥新町,新二鳥,菊中市,菊中市,二鳥新町,新二鳥,菊中市,菊中市,二鳥新町,新二鳥,菊中市,菊中市,二鳥新町,新二鳥,菊中市,菊中市,二鳥新町,新二鳥,菊中市,菊中市,二鳥新町,新二鳥,菊中市,菊中市,二鳥新町,新二鳥,菊中市,菊中市,二鳥新町,新二鳥,菊中市,菊中市,二鳥新町,新二鳥,菊中市,菊中市,二鳥新町,新二鳥,菊中市,菊中市,二鳥新町,新二鳥,菊中市,菊中市,二鳥新町,新二鳥,菊中市,菊中市,二鳥新町,新二鳥,菊中市,菊中市,二鳥新町,新二鳥,菊中市,菊中市,二鳥新町,新二鳥,菊中市,菊中市,二鳥新町,新二鳥,菊中市,菊中市,二鳥新町,新二鳥,菊中市,菊中市,二鳥新町,新二鳥,菊中市,菊中市,二鳥新町,新二鳥,菊中市,菊中市,二鳥新町,新二鳥,菊中市,菊中市,二鳥新町,新二鳥,菊中市,菊中市,二鳥新町,新二鳥,菊中市,菊中市,二鳥新町,新二鳥,菊中市,菊中市,二鳥新町,新二鳥,菊中市,二鳥新町,菊中市,菊中市,菊中市,二鳥新町,新二鳥,菊中市,菊中市,二鳥新町,新二鳥,菊中市,菊中市,二鳥新町,新二鳥,菊中市,菊中市,二鳥新町,新二鳥,菊中市,菊中市,二鳥新町,新二鳥,菊中市,菊中市,二鳥新町,新二鳥,滝之川信号場,菊中市,菊中市,二鳥新町,新二鳥,菊中市,菊中市,二鳥新町,新二鳥,滝之川信号場,菊中市,菊中市,新二鳥,菊中市,菊中市,二鳥新町,新二鳥,菊中市,菊中市,二鳥新町,菊中市,菊中市,菊中市,二鳥新町,新二鳥,菊中市,菊中市,二鳥新町,新二鳥,菊中市,菊中市,二鳥新町,新二鳥,菊中市,菊中市,二鳥新町,新二鳥,菊中市,菊中市,二鳥新町,新二鳥,新二鳥,菊中市,菊中市,二鳥新町,新二鳥,菊中市,菊中市,菊中市
始発駅作業,,出区,出区,出区,出区,出区,,,出区,出区,出区,出区,,,,,出区,,,,,,出区,出区,,,,,,,,,,,,出区,,,,,,,出区,,,,,,,,,,,,,,,,,,,,,,,,,,,,,,,,,,,,,,,,,,,,,,,,,,,,,,,,,,,,,,,,,,,,,出区,,,,,,,,,,,,,,,,,,,,,,,,,,,,,,,,,,,,,,,,,出区,,,,,,,,,,,,,,,,,,,,,,,,,,,,,,,,,,,,,,,,,,,,,,,,,,,,,,,,,,,,,,,,,,,,,,,,,,,,,,,,,,,,,,,,,,,,,,,,,,,,,,,,,,,,,,,,,,,,,,,,,,,,,,,,,,,,,,,,,,,,,,,,,,,,,,,,,,,,,,,,,,,,,,,,,,,,,,,,,出区,,,,,,,,,出区,,,,,出区,,,,,出区,,,,,,,,,,,,,,,,,,,,,,,,,,,,,,,,,,,,,,,,,,,,,,,,,,,,,,,,,,,,,,,,,,,,,,,,,,,,,,,,,,,,,,,,,,,,,,,,,,,,,,,,,,,,,,,,,,,,,,,,,,,,,,,,出区,,,,,,,,,出区,,,,,,,,,,,,,,,,,,,,,,,,,,,,,,,,,,,,,,,
,, 44400, 44000, 45500, 44800, 50900,,, 52500, 53130, 52500, 54500,,,,, 52500,,,,,, 60500, 60200,,,,,,,,,,,, 63300,,,,,,, 61500,,,,,,,,,,,,,,,,,,,,,,,,,,,,,,,,,,,,,,,,,,,,,,,,,,,,,,,,,,,,,,,,,,,,, 83300,,,,,,,,,,,,,,,,,,,,,,,,,,,,,,,,,,,,,,,,, 93900,,,,,,,,,,,,,,,,,,,,,,,,,,,,,,,,,,,,,,,,,,,,,,,,,,,,,,,,,,,,,,,,,,,,,,,,,,,,,,,,,,,,,,,,,,,,,,,,,,,,,,,,,,,,,,,,,,,,,,,,,,,,,,,,,,,,,,,,,,,,,,,,,,,,,,,,,,,,,,,,,,,,,,,,,,,,,,,,,170800,,,,,,,,,172800,,,,,172200,,,,,174700,,,,,,,,,,,,,,,,,,,,,,,,,,,,,,,,,,,,,,,,,,,,,,,,,,,,,,,,,,,,,,,,,,,,,,,,,,,,,,,,,,,,,,,,,,,,,,,,,,,,,,,,,,,,,,,,,,,,,,,,,,,,,,,,215900,,,,,,,,,222900,,,,,,,,,,,,,,,,,,,,,,,,,,,,,,,,,,,,,,,
,,27K,03,58S,13K,20K,,,11K,56S,05,60S,,,,,22K,,,,,,61S,51S,,,,,,,,,,,,53S,,,,,,,08,,,,,,,,,,,,,,,,,,,,,,,,,,,,,,,,,,,,,,,,,,,,,,,,,,,,,,,,,,,,,,,,,,,,,21K,,,,,,,,,,,,,,,,,,,,,,,,,,,,,,,,,,,,,,,,,09,,,,,,,,,,,,,,,,,,,,,,,,,,,,,,,,,,,,,,,,,,,,,,,,,,,,,,,,,,,,,,,,,,,,,,,,,,,,,,,,,,,,,,,,,,,,,,,,,,,,,,,,,,,,,,,,,,,,,,,,,,,,,,,,,,,,,,,,,,,,,,,,,,,,,,,,,,,,,,,,,,,,,,,,,,,,,,,,,12K,,,,,,,,,57S,,,,,07,,,,,59S,,,,,,,,,,,,,,,,,,,,,,,,,,,,,,,,,,,,,,,,,,,,,,,,,,,,,,,,,,,,,,,,,,,,,,,,,,,,,,,,,,,,,,,,,,,,,,,,,,,,,,,,,,,,,,,,,,,,,,,,,,,,,,,,55S,,,,,,,,,05,,,,,,,,,,,,,,,,,,,,,,,,,,,,,,,,,,,,,,,
終着駅,,汐浦・中華街,二鳥新町,汐浦・中華街,二鳥新町,二鳥新町,汐浦・中華街,二鳥新町,二鳥新町,二鳥新町,二鳥新町,汐浦・中華街,汐浦・中華街,二鳥新町,汐浦・中華街,二鳥新町,二鳥新町,汐浦・中華街,汐浦・中華街,二鳥新町,二鳥新町,汐浦・中華街,汐浦・中華街,汐浦・中華街,二鳥新町,二鳥新町,汐浦・中華街,汐浦・中華街,二鳥新町,二鳥新町,汐浦・中華街,汐浦・中華街,二鳥新町,二鳥新町,汐浦・中華街,汐浦・中華街,汐浦・中華街,二俣湖,二鳥新町,二鳥新町,汐浦・中華街,汐浦・中華街,二俣湖,二鳥新町,二鳥新町,汐浦・中華街,汐浦・中華街,二俣湖,二鳥新町,二鳥新町,汐浦・中華街,汐浦・中華街,二俣湖,二鳥新町,二鳥新町,汐浦・中華街,汐浦・中華街,二俣湖,二鳥新町,二鳥新町,汐浦・中華街,汐浦・中華街,二俣湖,二鳥新町,二鳥新町,汐浦・中華街,汐浦・中華街,二俣湖,二鳥新町,二鳥新町,汐浦・中華街,汐浦・中華街,二俣湖,二鳥新町,二鳥新町,汐浦・中華街,汐浦・中華街,二俣湖,二鳥新町,二鳥新町,汐浦・中華街,汐浦・中華街,二俣湖,二鳥新町,二鳥新町,汐浦・中華街,汐浦・中華街,二俣湖,二鳥新町,二鳥新町,汐浦・中華街,汐浦・中華街,二俣湖,二鳥新町,二鳥新町,汐浦・中華街,汐浦・中華街,二俣湖,二鳥新町,二鳥新町,汐浦・中華街,汐浦・中華街,二俣湖,二鳥新町,二鳥新町,汐浦・中華街,汐浦・中華街,二俣湖,二鳥新町,二鳥新町,汐浦・中華街,汐浦・中華街,汐浦・中華街,二俣湖,二鳥新町,二鳥新町,汐浦・中華街,汐浦・中華街,九十九市場,二鳥新町,二鳥新町,新二鳥,九十九市場,二俣湖,二鳥新町,汐浦・中華街,二鳥新町,二鳥新町,新二鳥,二鳥新町,汐浦・中華街,二鳥新町,汐浦・中華街,汐浦・中華街,九十九市場,二鳥新町,二鳥新町,汐浦・中華街,汐浦・中華街,二鳥新町,九十九市場,二鳥新町,汐浦・中華街,汐浦・中華街,二鳥新町,二鳥新町,汐浦・中華街,汐浦・中華街,二鳥新町,二鳥新町,汐浦・中華街,汐浦・中華街,二俣湖,二鳥新町,二鳥新町,汐浦・中華街,汐浦・中華街,二鳥新町,二鳥新町,汐浦・中華街,汐浦・中華街,二鳥新町,二鳥新町,汐浦・中華街,汐浦・中華街,二鳥新町,二鳥新町,汐浦・中華街,汐浦・中華街,二鳥新町,二鳥新町,汐浦・中華街,汐浦・中華街,二鳥新町,二鳥新町,汐浦・中華街,汐浦・中華街,二鳥新町,二鳥新町,汐浦・中華街,汐浦・中華街,二鳥新町,二鳥新町,汐浦・中華街,汐浦・中華街,二鳥新町,二鳥新町,汐浦・中華街,汐浦・中華街,二鳥新町,二鳥新町,汐浦・中華街,汐浦・中華街,二鳥新町,二鳥新町,汐浦・中華街,汐浦・中華街,二鳥新町,二鳥新町,汐浦・中華街,汐浦・中華街,二鳥新町,二鳥新町,汐浦・中華街,汐浦・中華街,二鳥新町,二鳥新町,汐浦・中華街,汐浦・中華街,二鳥新町,二鳥新町,汐浦・中華街,汐浦・中華街,二鳥新町,二鳥新町,汐浦・中華街,汐浦・中華街,二鳥新町,二鳥新町,汐浦・中華街,汐浦・中華街,二鳥新町,二鳥新町,汐浦・中華街,汐浦・中華街,二鳥新町,二鳥新町,汐浦・中華街,汐浦・中華街,二鳥新町,二鳥新町,汐浦・中華街,汐浦・中華街,二鳥新町,二鳥新町,汐浦・中華街,汐浦・中華街,二鳥新町,二鳥新町,汐浦・中華街,汐浦・中華街,二鳥新町,二鳥新町,汐浦・中華街,汐浦・中華街,二鳥新町,二鳥新町,汐浦・中華街,汐浦・中華街,二鳥新町,二鳥新町,汐浦・中華街,汐浦・中華街,二鳥新町,二鳥新町,汐浦・中華街,汐浦・中華街,二鳥新町,二鳥新町,汐浦・中華街,汐浦・中華街,二鳥新町,二鳥新町,汐浦・中華街,汐浦・中華街,二鳥新町,二鳥新町,汐浦・中華街,汐浦・中華街,二鳥新町,二鳥新町,汐浦・中華街,汐浦・中華街,二鳥新町,二鳥新町,汐浦・中華街,汐浦・中華街,二鳥新町,二鳥新町,汐浦・中華街,汐浦・中華街,二鳥新町,二鳥新町,汐浦・中華街,汐浦・中華街,二鳥新町,二鳥新町,汐浦・中華街,汐浦・中華街,二鳥新町,二鳥新町,汐浦・中華街,汐浦・中華街,二鳥新町,二鳥新町,汐浦・中華街,汐浦・中華街,二鳥新町,二鳥新町,汐浦・中華街,汐浦・中華街,二鳥新町,二鳥新町,汐浦・中華街,汐浦・中華街,二鳥新町,二鳥新町,汐浦・中華街,汐浦・中華街,二鳥新町,二鳥新町,汐浦・中華街,汐浦・中華街,二鳥新町,二鳥新町,汐浦・中華街,汐浦・中華街,二鳥新町,二鳥新町,汐浦・中華街,汐浦・中華街,二鳥新町,二鳥新町,汐浦・中華街,汐浦・中華街,二鳥新町,二鳥新町,汐浦・中華街,汐浦・中華街,汐浦・中華街,二鳥新町,二鳥新町,汐浦・中華街,汐浦・中華街,二鳥新町,二鳥新町,汐浦・中華街,汐浦・中華街,汐浦・中華街,二鳥新町,二鳥新町,汐浦・中華街,汐浦・中華街,二鳥新町,二鳥新町,二鳥新町,汐浦・中華街,汐浦・中華街,汐浦・中華街,二鳥新町,二鳥新町,汐浦・中華街,汐浦・中華街,二鳥新町,二鳥新町,汐浦・中華街,汐浦・中華街,二鳥新町,二鳥新町,汐浦・中華街,汐浦・中華街,二鳥新町,二鳥新町,汐浦・中華街,汐浦・中華街,二鳥新町,二鳥新町,汐浦・中華街,汐浦・中華街,二鳥新町,二鳥新町,汐浦・中華街,汐浦・中華街,二鳥新町,二鳥新町,汐浦・中華街,汐浦・中華街,二鳥新町,二鳥新町,汐浦・中華街,汐浦・中華街,二鳥新町,二鳥新町,汐浦・中華街,汐浦・中華街,二鳥新町,二鳥新町,汐浦・中華街,汐浦・中華街,二鳥新町,二鳥新町,汐浦・中華街,汐浦・中華街,二鳥新町,二鳥新町,汐浦・中華街,汐浦・中華街,二鳥新町,二鳥新町,汐浦・中華街,汐浦・中華街,二鳥新町,二鳥新町,汐浦・中華街,汐浦・中華街,二鳥新町,二鳥新町,汐浦・中華街,汐浦・中華街,二鳥新町,二鳥新町,汐浦・中華街,汐浦・中華街,二鳥新町,二鳥新町,汐浦・中華街,汐浦・中華街,二鳥新町,二鳥新町,汐浦・中華街,汐浦・中華街,二鳥新町,二鳥新町,汐浦・中華街,汐浦・中華街,二鳥新町,二鳥新町,汐浦・中華街,汐浦・中華街,二鳥新町,二鳥新町,新二鳥,汐浦・中華街,二鳥新町,二鳥新町,汐浦・中華街,汐浦・中華街,二鳥新町,二鳥新町,新二鳥,汐浦・中華街,二鳥新町,二鳥新町,汐浦・中華街,汐浦・中華街,二鳥新町,二鳥新町,汐浦・中華街,汐浦・中華街,二鳥新町,新二鳥,二鳥新町,九十九市場,二鳥新町,汐浦・中華街,汐浦・中華街,二鳥新町,二鳥新町,汐浦・中華街,汐浦・中華街,二鳥新町,二鳥新町,汐浦・中華街,汐浦・中華街,二鳥新町,二鳥新町,汐浦・中華街,汐浦・中華街,二鳥新町,二鳥新町,汐浦・中華街,汐浦・中華街,二鳥新町,二鳥新町,汐浦・中華街,汐浦・中華街,二俣湖,二鳥新町,二鳥新町,汐浦・中華街,汐浦・中華街,二鳥新町,二鳥新町,汐浦・中華街,汐浦・中華街,二俣湖,九十九市場,二鳥新町,汐浦・中華街,二鳥新町,二鳥新町,汐浦・中華街,汐浦・中華街,二鳥新町,二鳥新町,汐浦・中華街,葉山二俣国大,二鳥新町,二鳥新町,汐浦・中華街,汐浦・中華街,二鳥新町,二鳥新町,汐浦・中華街,汐浦・中華街,二鳥新町,二鳥新町,新二鳥,汐浦・中華街,二鳥新町,二鳥新町,汐浦・中華街,汐浦・中華街,二鳥新町,二鳥新町,新二鳥,汐浦大橋,汐浦・中華街,二鳥新町,二鳥新町,汐浦・中華街,汐浪公園,二鳥新町,二俣湖,九十九市場
終着駅作業,,,,,,,,,,,,,,,,,,,,,,,,,,,,,,,,,,,,,,,,,,,,,,,,,,,,,,,,,,,,,,,,,,,,,,,,,,,,,,,,,,,,,,,,,,,,,,,,,,,,,,,,,,,,,,,,,,,,,,,入区,,,入区,入区,,,,,,,,,,,,入区,,,,,,入区,,,,,,,,,,,,,,,,,,,,,,,,,,,,,,,,,,,,,,,,,,,,,,,,,,,,,,,,,,,,,,,,,,,,,,,,,,,,,,,,,,,,,,,,,,,,,,,,,,,,,,,,,,,,,,,,,,,,,,,,,,,,,,,,,,,,,,,,,,,,,,,,,,,,,,,,,,,,,,,,,,,,,,,,,,,,,,,,,,,,,,,,,,,,,,,,,,,,,,,,,,,,,,,,,,,,,,,,,,,,,,,,,,,,,,,,,,,,,,,,,,,,,,,,,,,,,,,,,,,,,,,,,,,,,,,,,,,,,,,,,,,,,,,,,,,入区,,,,,,,,入区,,,,,,,,,,,入区,,入区,,,,,,,,,,,,,,,,,,,,,,,,,,,,,,,,,入区,入区,入区,,,,,,,,,入区,,,,,,,,,,,入区,,,,,,,,,入区,,,,入区,入区,,入区,入区
,,,,,,,,,,,,,,,,,,,,,,,,,,,,,,,,,,,,,,,,,,,,,,,,,,,,,,,,,,,,,,,,,,,,,,,,,,,,,,,,,,,,,,,,,,,,,,,,,,,,,,,,,,,,,,,,,,,,,,, 83650,,, 85800, 84130,,,,,,,,,,,, 85930,,,,,, 91800,,,,,,,,,,,,,,,,,,,,,,,,,,,,,,,,,,,,,,,,,,,,,,,,,,,,,,,,,,,,,,,,,,,,,,,,,,,,,,,,,,,,,,,,,,,,,,,,,,,,,,,,,,,,,,,,,,,,,,,,,,,,,,,,,,,,,,,,,,,,,,,,,,,,,,,,,,,,,,,,,,,,,,,,,,,,,,,,,,,,,,,,,,,,,,,,,,,,,,,,,,,,,,,,,,,,,,,,,,,,,,,,,,,,,,,,,,,,,,,,,,,,,,,,,,,,,,,,,,,,,,,,,,,,,,,,,,,,,,,,,,,,,,,,,,,204020,,,,,,,,205620,,,,,,,,,,,212000,,211225,,,,,,,,,,,,,,,,,,,,,,,,,,,,,,,,,224000,222845,224930,,,,,,,,,230410,,,,,,,,,,,235620,,,,,,,,, 04300,,,, 05705, 05910,, 10400, 11135
菊中市,番線,,,,3,,,3,,,,,,3,,3,2,,,3,2,,,,3,2,,,3,2,,,3,2,,,,3,1,2,,,4,1,2,,,3,1,2,,,4,1,2,,,4,3,2,,,4,1,3,,,4,1,2,,,4,1,3,,,4,1,2,,,4,1,3,,,4,1,2,,,4,1,3,,,4,1,2,,,4,1,3,,,4,1,2,,,,4,1,3,,,4,1,2,,,4,1,,3,2,,4,,2,,,,4,2,,,3,1,2,,,3,2,,,3,2,,,,3,2,,,3,2,,,3,2,,,3,2,,,3,2,,,3,2,,,3,2,,,3,2,,,3,2,,,3,2,,,3,2,,,3,2,,,3,2,,,3,2,,,3,2,,,3,2,,,3,2,,,3,2,,,3,2,,,3,2,,,3,2,,,3,2,,,3,2,,,3,2,,,3,2,,,3,2,,,3,2,,,3,2,,,3,2,,,3,2,,,3,2,,,3,2,,,3,2,,,3,2,,,3,2,,,3,2,,,3,2,,,3,2,,,3,2,,,3,2,,,3,2,,,3,2,,,3,2,,,3,2,,,,3,2,,,3,2,,,,3,2,,,,3,2,,,,3,2,,,4,2,,,3,2,,,3,2,,,3,2,,,3,2,,,3,2,,,3,2,,,3,2,,,3,2,,,3,2,,,3,2,,,3,2,,,3,2,,,3,2,,,3,2,,,3,2,,,3,2,,,3,2,,,3,2,,,3,2,,,3,2,,,3,2,,,3,2,,,3,1,,,3,,4,1,2,,,3,2,,,3,2,,,3,2,,,3,2,,,3,2,,,,3,2,,,3,2,,,,3,2,,3,2,,,3,2,,4,3,1,,,3,2,,,3,2,,,3,2,,,3,2,,,,3,2,,,3,2,3
菊中市,発,,,, 44800,,, 50800,,,,,, 51800,, 53000, 53500,,, 54000, 54500,,,, 55000, 55500,,, 60000, 60500,,, 61000, 61500,,,, 61630, 62000, 62330,,, 62430, 62800, 63130,,, 63300, 63800, 63900,,, 64000, 64600, 64700,,, 64800, 65300, 65500,,, 65600, 70100, 70300,,, 70400, 70900, 71100,,, 71200, 71700, 71900,,, 72000, 72500, 72700,,, 72800, 73300, 73500,,, 73600, 74100, 74300,,, 74400, 74900, 75100,,, 75200, 75700, 75900,,, 80000, 80500, 80700,,, 80800, 81300, 81500,,,, 81600, 82100, 82300,,, 82400, 82900, 83000,,, 83200, 83700,, 83800, 84100,, 84200,, 84815,,,, 85200, 85815,,, 90200, 90630, 90815,,, 91200, 91815,,, 92200, 92815,,,, 93200, 93815,,, 94200, 94815,,, 95200, 95815,,,100200,100815,,,101200,101815,,,102200,102815,,,103200,103815,,,104200,104815,,,105200,105815,,,110200,110815,,,111200,111815,,,112200,112815,,,113200,113815,,,114200,114815,,,115200,115815,,,120200,120815,,,121200,121815,,,122200,122815,,,123200,123815,,,124200,124815,,,125200,125815,,,130200,130815,,,131200,131815,,,132200,132815,,,133200,133815,,,134200,134815,,,135200,135815,,,140200,140815,,,141200,141815,,,142200,142815,,,143200,143815,,,144200,144815,,,145200,145815,,,150200,150815,,,151200,151815,,,152200,152815,,,153200,153815,,,154200,154815,,,155200,155815,,,160200,160815,,,161200,161815,,,162200,162815,,,163200,163815,,,164200,164815,,,,165200,165815,,,170200,170815,,,,171200,171815,,,,172200,172815,,,,173010,173500,,,173810,174430,,,174610,175100,,,175410,175900,,,180210,180700,,,181010,181500,,,181810,182300,,,182610,183100,,,183410,183900,,,184210,184700,,,185010,185500,,,185810,190300,,,190610,191100,,,191410,191900,,,192210,192700,,,193010,193500,,,193810,194300,,,194610,195100,,,195410,195900,,,200210,200700,,,201010,201500,,,201810,202425,,,202610,203100,,,203610,204225,,,204610,205100,,,205310,,205410,205740,210225,,,210610,211100,,,211610,212225,,,212610,213225,,,213610,214100,,,214610,215100,,,,215610,220100,,,220610,221100,,,,221610,222200,,222610,223100,,,224100,224600,,224800,225600,230100,,,231100,231600,,,232600,233100,,,234100,234600,,, 00100, 00600,,,, 02100, 02600,,, 04100, 04600, 05900
石,発,,,, 45010,,, 51010,,,,,, 52010,, 53210, ﾚ,,, 54210, ﾚ,,,, 55210, ﾚ,,, 60210, ﾚ,,, 61210, ﾚ,,,, 61840, ﾚ, 62540,,, 62640, ﾚ, 63340,,, 63510, ﾚ, 64110,,, 64210, ﾚ, 64910,,, 65010, ﾚ, 65710,,, 65810, ﾚ, 70510,,, 70610, ﾚ, 71310,,, 71410, ﾚ, 72110,,, 72210, ﾚ, 72910,,, 73010, ﾚ, 73710,,, 73810, ﾚ, 74510,,, 74610, ﾚ, 75310,,, 75410, ﾚ, 80110,,, 80210, ﾚ, 80910,,, 81010, ﾚ, 81710,,,, 81810, ﾚ, 82510,,, 82610, ﾚ, 83210,,, 83410, ﾚ,, 84010, ﾚ,, 84410,, ﾚ,,,, 85410, ﾚ,,, 90410, ﾚ, ﾚ,,, 91410, ﾚ,,, 92410, ﾚ,,,, 93410, ﾚ,,, 94410, ﾚ,,, 95410, ﾚ,,,100410, ﾚ,,,101410, ﾚ,,,102410, ﾚ,,,103410, ﾚ,,,104410, ﾚ,,,105410, ﾚ,,,110410, ﾚ,,,111410, ﾚ,,,112410, ﾚ,,,113410, ﾚ,,,114410, ﾚ,,,115410, ﾚ,,,120410, ﾚ,,,121410, ﾚ,,,122410, ﾚ,,,123410, ﾚ,,,124410, ﾚ,,,125410, ﾚ,,,130410, ﾚ,,,131410, ﾚ,,,132410, ﾚ,,,133410, ﾚ,,,134410, ﾚ,,,135410, ﾚ,,,140410, ﾚ,,,141410, ﾚ,,,142410, ﾚ,,,143410, ﾚ,,,144410, ﾚ,,,145410, ﾚ,,,150410, ﾚ,,,151410, ﾚ,,,152410, ﾚ,,,153410, ﾚ,,,154410, ﾚ,,,155410, ﾚ,,,160410, ﾚ,,,161410, ﾚ,,,162410, ﾚ,,,163410, ﾚ,,,164410, ﾚ,,,,165410, ﾚ,,,170410, ﾚ,,,,171410, ﾚ,,,,172410, ﾚ,,,,173220, ﾚ,,,174020, ﾚ,,,174820, ﾚ,,,175620, ﾚ,,,180420, ﾚ,,,181220, ﾚ,,,182020, ﾚ,,,182820, ﾚ,,,183620, ﾚ,,,184420, ﾚ,,,185220, ﾚ,,,190020, ﾚ,,,190820, ﾚ,,,191620, ﾚ,,,192420, ﾚ,,,193220, ﾚ,,,194020, ﾚ,,,194820, ﾚ,,,195620, ﾚ,,,200420, ﾚ,,,201220, ﾚ,,,202020, ﾚ,,,202820, ﾚ,,,203820, ﾚ,,,204820, ﾚ,,, ﾚ,,205620,205950, ﾚ,,,210820, ﾚ,,,211820, ﾚ,,,212820, ﾚ,,,213820, ﾚ,,,214820, ﾚ,,,,215820, ﾚ,,,220820, ﾚ,,,,221820,222410,,222820, ﾚ,,,224310, ﾚ,,225010,225810, ﾚ,,,231310, ﾚ,,,232810, ﾚ,,,234310, ﾚ,,, 00310, ﾚ,,,, 02310, ﾚ,,, 04310, ﾚ, 10110
永穂町,発,,,, 45310,,, 51310,,,,,, 52310,, 53510, ﾚ,,, 54510, ﾚ,,,, 55510, ﾚ,,, 60510, ﾚ,,, 61510, ﾚ,,,, 62140, ﾚ, ﾚ,,, 62940, ﾚ, ﾚ,,, 63810, ﾚ, ﾚ,,, 64510, ﾚ, ﾚ,,, 65310, ﾚ, ﾚ,,, 70110, ﾚ, ﾚ,,, 70910, ﾚ, ﾚ,,, 71710, ﾚ, ﾚ,,, 72510, ﾚ, ﾚ,,, 73310, ﾚ, ﾚ,,, 74110, ﾚ, ﾚ,,, 74910, ﾚ, ﾚ,,, 75710, ﾚ, ﾚ,,, 80510, ﾚ, ﾚ,,, 81310, ﾚ, ﾚ,,,, 82110, ﾚ, ﾚ,,, 82910, ﾚ, ﾚ,,, 83710, ﾚ,, ﾚ, ﾚ,, 84710,, ﾚ,,,, 85710, ﾚ,,, 90710, ﾚ, ﾚ,,, 91710, ﾚ,,, 92710, ﾚ,,,, 93710, ﾚ,,, 94710, ﾚ,,, 95710, ﾚ,,,100710, ﾚ,,,101710, ﾚ,,,102710, ﾚ,,,103710, ﾚ,,,104710, ﾚ,,,105710, ﾚ,,,110710, ﾚ,,,111710, ﾚ,,,112710, ﾚ,,,113710, ﾚ,,,114710, ﾚ,,,115710, ﾚ,,,120710, ﾚ,,,121710, ﾚ,,,122710, ﾚ,,,123710, ﾚ,,,124710, ﾚ,,,125710, ﾚ,,,130710, ﾚ,,,131710, ﾚ,,,132710, ﾚ,,,133710, ﾚ,,,134710, ﾚ,,,135710, ﾚ,,,140710, ﾚ,,,141710, ﾚ,,,142710, ﾚ,,,143710, ﾚ,,,144710, ﾚ,,,145710, ﾚ,,,150710, ﾚ,,,151710, ﾚ,,,152710, ﾚ,,,153710, ﾚ,,,154710, ﾚ,,,155710, ﾚ,,,160710, ﾚ,,,161710, ﾚ,,,162710, ﾚ,,,163710, ﾚ,,,164710, ﾚ,,,,165710, ﾚ,,,170710, ﾚ,,,,171710, ﾚ,,,,172710, ﾚ,,,,173520, ﾚ,,,174320, ﾚ,,,175120, ﾚ,,,175920, ﾚ,,,180720, ﾚ,,,181520, ﾚ,,,182320, ﾚ,,,183120, ﾚ,,,183920, ﾚ,,,184720, ﾚ,,,185520, ﾚ,,,190320, ﾚ,,,191120, ﾚ,,,191920, ﾚ,,,192720, ﾚ,,,193520, ﾚ,,,194320, ﾚ,,,195120, ﾚ,,,195920, ﾚ,,,200720, ﾚ,,,201520, ﾚ,,,202320, ﾚ,,,203120, ﾚ,,,204120, ﾚ,,,205120, ﾚ,,, ﾚ,,205920,210250, ﾚ,,,211120, ﾚ,,,212120, ﾚ,,,213120, ﾚ,,,214120, ﾚ,,,215120, ﾚ,,,,220120, ﾚ,,,221120, ﾚ,,,,222120, ﾚ,,223120, ﾚ,,,224610, ﾚ,, ﾚ,230110, ﾚ,,,231610, ﾚ,,,233110, ﾚ,,,234610, ﾚ,,, 00610, ﾚ,,,, 02610, ﾚ,,, 04610, ﾚ, 10410
四津川大学前,着,,,, 45515,,, 51515,,,,,, 52515,, 53715, 53950,,, 54715, 54950,,,, 55715, 55950,,, 60715, 60950,,, 61715, 61950,,,, 62345, 62450, 62930,,, 63145, 63250, 63730,,, 64015, 64250, 64500,,, 64715, 65050, 65300,,, 65515, 65750, 70100,,, 70315, 70550, 70900,,, 71115, 71350, 71700,,, 71915, 72150, 72500,,, 72715, 72950, 73300,,, 73515, 73750, 74100,,, 74315, 74550, 74900,,, 75115, 75350, 75700,,, 75915, 80150, 80500,,, 80715, 80950, 81300,,, 81515, 81750, 82100,,,, 82315, ﾚ, 82900,,, 83115, 83350, 83600,,, 83915, 84150,, 84400, ﾚ,, 84915,, ﾚ,,,, 85915, ﾚ,,, 90915, 91130?, ﾚ,,, 91915, ﾚ,,, 92915, ﾚ,,,, 93915, ﾚ,,, 94915, ﾚ,,, 95915, ﾚ,,,100915, ﾚ,,,101915, ﾚ,,,102915, ﾚ,,,103915, ﾚ,,,104915, ﾚ,,,105915, ﾚ,,,110915, ﾚ,,,111915, ﾚ,,,112915, ﾚ,,,113915, ﾚ,,,114915, ﾚ,,,115915, ﾚ,,,120915, ﾚ,,,121915, ﾚ,,,122915, ﾚ,,,123915, ﾚ,,,124915, ﾚ,,,125915, ﾚ,,,130915, ﾚ,,,131915, ﾚ,,,132915, ﾚ,,,133915, ﾚ,,,134915, ﾚ,,,135915, ﾚ,,,140915, ﾚ,,,141915, ﾚ,,,142915, ﾚ,,,143915, ﾚ,,,144915, ﾚ,,,145915, ﾚ,,,150915, ﾚ,,,151915, ﾚ,,,152915, ﾚ,,,153915, ﾚ,,,154915, ﾚ,,,155915, ﾚ,,,160915, ﾚ,,,161915, ﾚ,,,162915, ﾚ,,,163915, ﾚ,,,164915, ﾚ,,,,165915, ﾚ,,,170915, ﾚ,,,,171915, ﾚ,,,,172915, ﾚ,,,,173725,173950,,,174525, ﾚ,,,175325,175550,,,180125,180350,,,180925,181150,,,181725,181950,,,182525,182750,,,183325,183550,,,184125,184350,,,184925,185150,,,185725,185950,,,190525,190750,,,191325,191550,,,192125,192350,,,192925,193150,,,193725,193950,,,194525,194750,,,195325,195550,,,200125,200350,,,200925,201150,,,201725,201950,,,202525, ﾚ,,,203325,203550,,,204325, ﾚ,,,205325,205550,,,205800,,210125,210455, ﾚ,,,211325,211550,,,212325, ﾚ,,,213325, ﾚ,,,214325,214550,,,215325,215550,,,,220325,220550,,,221325,221550,,,,222325,222800,,223325,223550,,,224815,225050,,225400,230315,230550,,,231815,232050,,,233315,233550,,,234815,235050,,, 00815, 01050,,,, 02815, 03050,,, 04815, 05050, 10615
四津川大学前,番線,,,,3,,,3,,,2,,,3,,3,3,,,3,3,,,,3,3,,,3,3,,,3,3,,,,2,3,3,,,2,3,3,,,3,3,3,,,3,3,3,,,3,3,3,,,3,3,3,,,3,3,3,,,3,3,3,,,3,3,3,,,3,3,3,,,3,3,3,,,3,3,3,,,3,3,3,,,3,3,3,,,3,3,3,,,,3,3,3,,,3,3,3,,2,3,3,,3,3,,3,,3,,,2,3,3,,,3,3,3,,,3,3,,,3,3,,,,3,3,,,3,3,,,3,3,,,3,3,,,3,3,,,3,3,,,3,3,,,3,3,,,3,3,,,3,3,,,3,3,,,3,3,,,3,3,,,3,3,,,3,3,,,3,3,,,3,3,,,3,3,,,3,3,,,3,3,,,3,3,,,3,3,,,3,3,,,3,3,,,3,3,,,3,3,,,3,3,,,3,3,,,3,3,,,3,3,,,3,3,,,3,3,,,3,3,,,3,3,,,3,3,,,3,3,,,3,3,,,3,3,,,3,3,,,3,3,,,3,3,,,3,3,,,3,3,,,3,3,,,,3,3,,,3,3,,,,3,3,,,,3,3,,,,3,3,,,3,3,,,3,3,,,3,3,,,3,3,,,3,3,,,3,3,,,3,3,,,3,3,,,3,3,,,3,3,,,3,3,,,3,3,,,3,3,,,3,3,,,3,3,,,3,3,,,3,3,,,3,3,,,3,3,,,3,3,,,3,3,,,3,3,,,3,3,,,3,3,,,3,,3,2,3,,,3,3,,,3,3,,,3,3,,,3,3,,,3,3,,,,3,3,,,3,3,,,,3,3,,3,3,,,3,3,,3,3,3,,,3,3,,,3,3,,,3,3,,,3,3,,,,3,3,,,3,3,3
四津川大学前,発,,,, 45545,,, 51545,,, 52600,,, 52745,, 53745, 54020,,, 54745, 55020,,,, 55745, 60020,,, 60745, 61020,,, 61745, 62020,,,, 62630, 62520, 63000,,, 63430, 63320, 63800,,, 64045, 64320, 64530,,, 64745, 65120, 65330,,, 65545, 65820, 70130,,, 70345, 70620, 70930,,, 71145, 71420, 71730,,, 71945, 72220, 72530,,, 72745, 73020, 73330,,, 73545, 73820, 74130,,, 74345, 74620, 74930,,, 75145, 75420, 75730,,, 75945, 80220, 80530,,, 80745, 81020, 81330,,, 81545, 81820, 82130,,,, 82345, ﾚ, 82930,,, 83145, 83420, 83630,, 83800, 83945, 84220,, 84430, ﾚ,, 84945,, ﾚ,,, 85600, 85945, ﾚ,,, 90945, 91330?, ﾚ,,, 91945, ﾚ,,, 92945, ﾚ,,,, 93945, ﾚ,,, 94945, ﾚ,,, 95945, ﾚ,,,100945, ﾚ,,,101945, ﾚ,,,102945, ﾚ,,,103945, ﾚ,,,104945, ﾚ,,,105945, ﾚ,,,110945, ﾚ,,,111945, ﾚ,,,112945, ﾚ,,,113945, ﾚ,,,114945, ﾚ,,,115945, ﾚ,,,120945, ﾚ,,,121945, ﾚ,,,122945, ﾚ,,,123945, ﾚ,,,124945, ﾚ,,,125945, ﾚ,,,130945, ﾚ,,,131945, ﾚ,,,132945, ﾚ,,,133945, ﾚ,,,134945, ﾚ,,,135945, ﾚ,,,140945, ﾚ,,,141945, ﾚ,,,142945, ﾚ,,,143945, ﾚ,,,144945, ﾚ,,,145945, ﾚ,,,150945, ﾚ,,,151945, ﾚ,,,152945, ﾚ,,,153945, ﾚ,,,154945, ﾚ,,,155945, ﾚ,,,160945, ﾚ,,,161945, ﾚ,,,162945, ﾚ,,,163945, ﾚ,,,164945, ﾚ,,,,165945, ﾚ,,,170945, ﾚ,,,,171945, ﾚ,,,,172945, ﾚ,,,,173755,174020,,,174555, ﾚ,,,175355,175620,,,180155,180420,,,180955,181220,,,181755,182020,,,182555,182820,,,183355,183620,,,184155,184420,,,184955,185220,,,185755,190020,,,190555,190820,,,191355,191620,,,192155,192420,,,192955,193220,,,193755,194020,,,194555,194820,,,195355,195620,,,200155,200420,,,200955,201220,,,201755,202020,,,202555, ﾚ,,,203355,203620,,,204355, ﾚ,,,205355,205620,,,205830,,210155,210720, ﾚ,,,211355,211620,,,212355, ﾚ,,,213355, ﾚ,,,214355,214620,,,215355,215620,,,,220355,220620,,,221355,221620,,,,222355,222830,,223355,223620,,,224845,225120,,225430,230345,230620,,,231845,232120,,,233345,233620,,,234845,235120,,, 00845, 01120,,,, 02845, 03120,,, 04845, 05120, 10645
源吉川,発,,,, 45755,,, 51755,,, ﾚ,,, 52955,, 53955, ﾚ,,, 54955, ﾚ,,,, 55955, ﾚ,,, 60955, ﾚ,,, 61955, ﾚ,,,, 62840, ﾚ, ﾚ,,, 63640, ﾚ, ﾚ,,, 64255, ﾚ, ﾚ,,, 64955, ﾚ, ﾚ,,, 65755, ﾚ, ﾚ,,, 70555, ﾚ, ﾚ,,, 71355, ﾚ, ﾚ,,, 72155, ﾚ, ﾚ,,, 72955, ﾚ, ﾚ,,, 73755, ﾚ, ﾚ,,, 74555, ﾚ, ﾚ,,, 75355, ﾚ, ﾚ,,, 80155, ﾚ, ﾚ,,, 80955, ﾚ, ﾚ,,, 81755, ﾚ, ﾚ,,,, 82555, ﾚ, ﾚ,,, 83355, ﾚ, ﾚ,, ﾚ, 84155, ﾚ,, ﾚ, ﾚ,, 85155,, ﾚ,,, ﾚ, 90155, ﾚ,,, 91155, ﾚ, ﾚ,,, 92155, ﾚ,,, 93155, ﾚ,,,, 94155, ﾚ,,, 95155, ﾚ,,,100155, ﾚ,,,101155, ﾚ,,,102155, ﾚ,,,103155, ﾚ,,,104155, ﾚ,,,105155, ﾚ,,,110155, ﾚ,,,111155, ﾚ,,,112155, ﾚ,,,113155, ﾚ,,,114155, ﾚ,,,115155, ﾚ,,,120155, ﾚ,,,121155, ﾚ,,,122155, ﾚ,,,123155, ﾚ,,,124155, ﾚ,,,125155, ﾚ,,,130155, ﾚ,,,131155, ﾚ,,,132155, ﾚ,,,133155, ﾚ,,,134155, ﾚ,,,135155, ﾚ,,,140155, ﾚ,,,141155, ﾚ,,,142155, ﾚ,,,143155, ﾚ,,,144155, ﾚ,,,145155, ﾚ,,,150155, ﾚ,,,151155, ﾚ,,,152155, ﾚ,,,153155, ﾚ,,,154155, ﾚ,,,155155, ﾚ,,,160155, ﾚ,,,161155, ﾚ,,,162155, ﾚ,,,163155, ﾚ,,,164155, ﾚ,,,165155, ﾚ,,,,170155, ﾚ,,,171155, ﾚ,,,,172155, ﾚ,,,,173155, ﾚ,,,,174005, ﾚ,,,174805, ﾚ,,,175605, ﾚ,,,180405, ﾚ,,,181205, ﾚ,,,182005, ﾚ,,,182805, ﾚ,,,183605, ﾚ,,,184405, ﾚ,,,185205, ﾚ,,,190005, ﾚ,,,190805, ﾚ,,,191605, ﾚ,,,192405, ﾚ,,,193205, ﾚ,,,194005, ﾚ,,,194805, ﾚ,,,195605, ﾚ,,,200405, ﾚ,,,201205, ﾚ,,,202005, ﾚ,,,202805, ﾚ,,,203605, ﾚ,,,204605, ﾚ,,,205605, ﾚ,,, ﾚ,,210405,210930, ﾚ,,,211605, ﾚ,,,212605, ﾚ,,,213605, ﾚ,,,214605, ﾚ,,,215605, ﾚ,,,,220605, ﾚ,,,221605, ﾚ,,,,222605, ﾚ,,223605, ﾚ,,,225055, ﾚ,, ﾚ,230555, ﾚ,,,232055, ﾚ,,,233555, ﾚ,,,235055, ﾚ,,, 01055, ﾚ,,,, 03055, ﾚ,,, 05055, ﾚ, 10855
九十九市場,着,,,, 45935,,, 51935,,, 52820,,, 53135,, 54135, 54240,,, 55135, 55240,,,, 60135, 60240,,, 61135, 61240,,, 62135, 62240,,,, 63020, 62740, 63220,,, 63820, 63540, 64020,,, 64435, 64540, 64750,,, 65135, 65340, 65550,,, 65935, 70040, 70350,,, 70735, 70840, 71150,,, 71535, 71640, 71950,,, 72335, 72440, 72750,,, 73135, 73240, 73550,,, 73935, 74040, 74350,,, 74735, 74840, 75150,,, 75535, 75640, 75950,,, 80335, 80440, 80750,,, 81135, 81240, 81550,,, 81935, 82040, 82350,,,, 82735, 82815, 83150,,, 83550, 83640, 83850,, 84030, 84335, 84440,, 84650, 84820,, 85335,, 85430,,, 85830, 90335, 90430,,, 91335, 91700, 91430,,, 92335, 92430,,, 93335, 93430,,,, 94335, 94430,,, 95335, 95430,,,100335,100430,,,101335,101430,,,102335,102430,,,103335,103430,,,104335,104430,,,105335,105430,,,110335,110430,,,111335,111430,,,112335,112430,,,113335,113430,,,114335,114430,,,115335,115430,,,120335,120430,,,121335,121430,,,122335,122430,,,123335,123430,,,124335,124430,,,125335,125430,,,130335,130430,,,131335,131430,,,132335,132430,,,133335,133430,,,134335,134430,,,135335,135430,,,140335,140430,,,141335,141430,,,142335,142430,,,143335,143430,,,144335,144430,,,145335,145430,,,150335,150430,,,151335,151430,,,152335,152430,,,153335,153430,,,154335,154430,,,155335,155430,,,160335,160430,,,161335,161430,,,162335,162430,,,163335,163430,,,164335,164430,,,165335,165430,,,,170335,170430,,,171335,171430,,,,172335,172430,,,,173335,173430,,,,174145,174240,,,174945,175045,,,175745,175840,,,180545,180640,,,181345,181440,,,182145,182240,,,182945,183040,,,183745,183840,,,184545,184640,,,185345,185440,,,190145,190240,,,190945,191040,,,191745,191840,,,192545,192640,,,193345,193440,,,194145,194240,,,194945,195040,,,195745,195840,,,200545,200640,,,201345,201440,,,202145,202240,,,202945,203040,,,203745,203840,,,204745,204840,,,205745,205840,,,210050,,210545,211125,210840,,,211745,211840,,,212745,212840,,,213745,213840,,,214745,214840,,,215745,215840,,,,220745,220840,,,221745,221840,,,,222745,223050,,223745,223840,,,225235,225340,,225650,230735,230840,,,232235,232340,,,233735,233840,,,235235,235340,,, 01235, 01340,,,, 03235, 03340,,, 05235, 05340, 11035
九十九市場,番線,,3,,3,,,3,,,4,,,3,,3,4,,,3,4,,,,3,4,,,3,4,,,3,4,,,,3,4,4,,,3,4,4,,,3,4,4,,,3,4,4,,,3,4,4,,,3,4,4,,,3,4,4,,,3,4,4,,,3,4,4,,,3,4,4,,,3,4,4,,,3,4,4,,,3,4,4,,,3,4,4,,,3,4,4,,,,3,4,4,,,5,4,4,,5,3,4,,4,4,,3,,4,,,5,3,4,,,3,5,4,,,3,4,,,3,4,,,,3,4,,,3,4,,,3,4,,,3,4,,,3,4,,,3,4,,,3,4,,,3,4,,,3,4,,,3,4,,,3,4,,,3,4,,,3,4,,,3,4,,,3,4,,,3,4,,,3,4,,,3,4,,,3,4,,,3,4,,,3,4,,,3,4,,,3,4,,,3,4,,,3,4,,,3,4,,,3,4,,,3,4,,,3,4,,,3,4,,,3,4,,,3,4,,,3,4,,,3,4,,,3,4,,,3,4,,,3,4,,,3,4,,,3,4,,,3,4,,,3,4,,,3,4,,,3,4,,,3,4,,,,3,4,,,3,4,,,,3,4,,,,3,4,,,,3,4,,,3,4,,,3,4,,,3,4,,,3,4,,,3,4,,,3,4,,,3,4,,,3,4,,,3,4,,,3,4,,,3,4,,,3,4,,,3,4,,,3,4,,,3,4,,,3,4,,,3,4,,,3,4,,,3,4,,,3,4,,,3,4,,,3,4,,,3,4,,,3,4,,,4,,3,5,4,,,3,4,,,3,4,,,3,4,,,3,4,,,3,4,,,,3,4,,,3,4,,,,5,4,,3,4,,,3,4,,4,3,4,,,3,4,,,3,4,,,3,4,,,3,4,,,,3,4,,,3,4,3
九十九市場,発,, 44000,, 50005,,, 52005,,, 52850,,, 53205,, 54310, 54310,,, 55310, 55310,,,, 60310, 60310,,, 61310, 61310,,, 62310, 62310,,,, 63050, 62810, 63250,,, 63850, 63610, 64050,,, 64610, 64610, 64820,,, 65410, 65410, 65620,,, 70110, 70110, 70420,,, 70910, 70910, 71220,,, 71710, 71710, 72020,,, 72510, 72510, 72820,,, 73310, 73310, 73620,,, 74110, 74110, 74420,,, 74910, 74910, 75220,,, 75710, 75710, 80020,,, 80510, 80510, 80820,,, 81310, 81310, 81620,,, 82110, 82110, 82420,,,, 82910, 82845, 83220,,,, 83710, 83920,,, 84510, 84510,, 84720, 85330,, 85500,, 85500,,,, 90500, 90500,,, 91500,, 91500,,, 92500, 92500,,, 93500, 93500,,,, 94500, 94500,,, 95500, 95500,,,100500,100500,,,101500,101500,,,102500,102500,,,103500,103500,,,104500,104500,,,105500,105500,,,110500,110500,,,111500,111500,,,112500,112500,,,113500,113500,,,114500,114500,,,115500,115500,,,120500,120500,,,121500,121500,,,122500,122500,,,123500,123500,,,124500,124500,,,125500,125500,,,130500,130500,,,131500,131500,,,132500,132500,,,133500,133500,,,134500,134500,,,135500,135500,,,140500,140500,,,141500,141500,,,142500,142500,,,143500,143500,,,144500,144500,,,145500,145500,,,150500,150500,,,151500,151500,,,152500,152500,,,153500,153500,,,154500,154500,,,155500,155500,,,160500,160500,,,161500,161500,,,162500,162500,,,163500,163500,,,164500,164500,,,165500,165500,,,,170500,170500,,,171500,171500,,,,172500,172500,,,,173500,173500,,,,174310,174310,,,175110,175115,,,175910,175910,,,180710,180710,,,181510,181510,,,182310,182310,,,183110,183110,,,183910,183910,,,184710,184710,,,185510,185510,,,190310,190310,,,191110,191110,,,191910,191910,,,192710,192710,,,193510,193510,,,194310,194310,,,195110,195110,,,195910,195910,,,200710,200710,,,201510,201510,,,202310,202310,,,203110,203110,,,203910,203910,,,204910,204910,,,205910,205910,,,210150,,210910,,210910,,,211910,211910,,,212910,212910,,,213910,213910,,,214910,214910,,,215910,215910,,,,220910,220910,,,221910,221910,,,,,223120,,223910,223910,,,225400,225410,,225720,230900,230910,,,232400,232410,,,233900,233910,,,235400,235410,,, 01400, 01410,,,, 03400, 03410,,, 05400, 05410,
滝之川信号場,番線,,上緩,,上緩,車庫,,上緩,車庫,,上急,,,上緩,,上緩,上急,,,上緩,上急,,,,上緩,上急,,,上緩,上急,,,上緩,上急,,,,上緩,上急,上急,,,上緩,上急,上急,,,上緩,上急,上急,,,上緩,上急,上急,,,上緩,上急,上急,,,上緩,上急,上急,,,上緩,上急,上急,,,上緩,上急,上急,,,上緩,上急,上急,,,上緩,上急,上急,,,上緩,上急,上急,,,上緩,上急,上急,,,上緩,上急,上急,,,上緩,上急,上急,,,上緩,上急,上急,,,,上緩,上急,上急,,,,上急,上急,,,上緩,上急,,上急,上急,,上緩,,上急,,,,上緩,上急,,,上緩,,上急,,,上緩,上急,,,上緩,上急,,,車庫,上緩,上急,,,上緩,上急,,,上緩,上急,,,上緩,上急,,,上緩,上急,,,上緩,上急,,,上緩,上急,,,上緩,上急,,,上緩,上急,,,上緩,上急,,,上緩,上急,,,上緩,上急,,,上緩,上急,,,上緩,上急,,,上緩,上急,,,上緩,上急,,,上緩,上急,,,上緩,上急,,,上緩,上急,,,上緩,上急,,,上緩,上急,,,上緩,上急,,,上緩,上急,,,上緩,上急,,,上緩,上急,,,上緩,上急,,,上緩,上急,,,上緩,上急,,,上緩,上急,,,上緩,上急,,,上緩,上急,,,上緩,上急,,,上緩,上急,,,上緩,上急,,,上緩,上急,,,上緩,上急,,,上緩,上急,,,上緩,上急,,,上緩,上急,,,上緩,上急,,,上緩,上急,,,上緩,上急,,,上緩,上急,,,上緩,上急,,,,上緩,上急,,,上緩,上急,,,,上緩,上急,,,車庫,上緩,上急,,,,上緩,上急,,,上緩,上急,,,上緩,上急,,,上緩,上急,,,上緩,上急,,,上緩,上急,,,上緩,上急,,,上緩,上急,,,上緩,上急,,,上緩,上急,,,上緩,上急,,,上緩,上急,,,上緩,上急,,,上緩,上急,,,上緩,上急,,,上緩,上急,,,上緩,上急,,,上緩,上急,,,上緩,上急,,,上緩,上急,,,上緩,上急,,,上緩,上急,,,上緩,上急,,,上緩,上急,,,上緩,上急,,,上急,,上緩,,上急,,,上緩,上急,,,上緩,上急,,,上緩,上急,,,上緩,上急,,,上緩,上急,,,車庫,上緩,上急,,,上緩,上急,,,車庫,,上急,,上緩,上急,,,上緩,上急,,上急,上緩,上急,,,上緩,上急,,,上緩,上急,,,上緩,上急,,,上緩,上急,,,,上緩,上急,,,上緩,上急,
滝之川信号場,発,, ﾚ,, ﾚ, 50915,, ﾚ, 52600,, ﾚ,,, ﾚ,, ﾚ, ﾚ,,, ﾚ, ﾚ,,,, ﾚ, ﾚ,,, ﾚ, ﾚ,,, ﾚ, ﾚ,,,, ﾚ, ﾚ, ﾚ,,, ﾚ, ﾚ, ﾚ,,, ﾚ, ﾚ, ﾚ,,, ﾚ, ﾚ, ﾚ,,, ﾚ, ﾚ, ﾚ,,, ﾚ, ﾚ, ﾚ,,, ﾚ, ﾚ, ﾚ,,, ﾚ, ﾚ, ﾚ,,, ﾚ, ﾚ, ﾚ,,, ﾚ, ﾚ, ﾚ,,, ﾚ, ﾚ, ﾚ,,, ﾚ, ﾚ, ﾚ,,, ﾚ, ﾚ, ﾚ,,, ﾚ, ﾚ, ﾚ,,, ﾚ, ﾚ, ﾚ,,,, ﾚ, ﾚ, ﾚ,,,, ﾚ, ﾚ,,, ﾚ, ﾚ,, ﾚ, ﾚ,, ﾚ,, ﾚ,,,, ﾚ, ﾚ,,, ﾚ,, ﾚ,,, ﾚ, ﾚ,,, ﾚ, ﾚ,,, 94000, ﾚ, ﾚ,,, ﾚ, ﾚ,,, ﾚ, ﾚ,,, ﾚ, ﾚ,,, ﾚ, ﾚ,,, ﾚ, ﾚ,,, ﾚ, ﾚ,,, ﾚ, ﾚ,,, ﾚ, ﾚ,,, ﾚ, ﾚ,,, ﾚ, ﾚ,,, ﾚ, ﾚ,,, ﾚ, ﾚ,,, ﾚ, ﾚ,,, ﾚ, ﾚ,,, ﾚ, ﾚ,,, ﾚ, ﾚ,,, ﾚ, ﾚ,,, ﾚ, ﾚ,,, ﾚ, ﾚ,,, ﾚ, ﾚ,,, ﾚ, ﾚ,,, ﾚ, ﾚ,,, ﾚ, ﾚ,,, ﾚ, ﾚ,,, ﾚ, ﾚ,,, ﾚ, ﾚ,,, ﾚ, ﾚ,,, ﾚ, ﾚ,,, ﾚ, ﾚ,,, ﾚ, ﾚ,,, ﾚ, ﾚ,,, ﾚ, ﾚ,,, ﾚ, ﾚ,,, ﾚ, ﾚ,,, ﾚ, ﾚ,,, ﾚ, ﾚ,,, ﾚ, ﾚ,,, ﾚ, ﾚ,,, ﾚ, ﾚ,,, ﾚ, ﾚ,,, ﾚ, ﾚ,,, ﾚ, ﾚ,,, ﾚ, ﾚ,,,, ﾚ, ﾚ,,, ﾚ, ﾚ,,,, ﾚ, ﾚ,,,172300, ﾚ, ﾚ,,,, ﾚ, ﾚ,,, ﾚ, ﾚ,,, ﾚ, ﾚ,,, ﾚ, ﾚ,,, ﾚ, ﾚ,,, ﾚ, ﾚ,,, ﾚ, ﾚ,,, ﾚ, ﾚ,,, ﾚ, ﾚ,,, ﾚ, ﾚ,,, ﾚ, ﾚ,,, ﾚ, ﾚ,,, ﾚ, ﾚ,,, ﾚ, ﾚ,,, ﾚ, ﾚ,,, ﾚ, ﾚ,,, ﾚ, ﾚ,,, ﾚ, ﾚ,,, ﾚ, ﾚ,,, ﾚ, ﾚ,,, ﾚ, ﾚ,,, ﾚ, ﾚ,,, ﾚ, ﾚ,,, ﾚ, ﾚ,,, ﾚ, ﾚ,,, ﾚ,, ﾚ,, ﾚ,,, ﾚ, ﾚ,,, ﾚ, ﾚ,,, ﾚ, ﾚ,,, ﾚ, ﾚ,,, ﾚ, ﾚ,,,220000, ﾚ, ﾚ,,, ﾚ, ﾚ,,,223000,, ﾚ,, ﾚ, ﾚ,,, ﾚ, ﾚ,, ﾚ, ﾚ, ﾚ,,, ﾚ, ﾚ,,, ﾚ, ﾚ,,, ﾚ, ﾚ,,, ﾚ, ﾚ,,,, ﾚ, ﾚ,,, ﾚ, ﾚ,
滝之川,着,, 44145,, 50150, 51100,, 52150, ﾚ,, ﾚ,,, 53350,, 54455, ﾚ,,, 55455, ﾚ,,,, 60455, ﾚ,,, 61455, ﾚ,,, 62455, ﾚ,,,, 63235, ﾚ, ﾚ,,, 64035, ﾚ, ﾚ,,, 64755, ﾚ, ﾚ,,, 65555, ﾚ, ﾚ,,, 70255, ﾚ, ﾚ,,, 71055, ﾚ, ﾚ,,, 71855, ﾚ, ﾚ,,, 72655, ﾚ, ﾚ,,, 73455, ﾚ, ﾚ,,, 74255, ﾚ, ﾚ,,, 75055, ﾚ, ﾚ,,, 75855, ﾚ, ﾚ,,, 80655, ﾚ, ﾚ,,, 81455, ﾚ, ﾚ,,, 82255, ﾚ, ﾚ,,,, 83055, ﾚ, ﾚ,,,, ﾚ, ﾚ,,, 84655, ﾚ,, ﾚ, ﾚ,, 85645,, ﾚ,,,, 90645, ﾚ,,, 91645,, ﾚ,,, 92645, ﾚ,,, 93645, ﾚ,,, ﾚ, 94645, ﾚ,,, 95645, ﾚ,,,100645, ﾚ,,,101645, ﾚ,,,102645, ﾚ,,,103645, ﾚ,,,104645, ﾚ,,,105645, ﾚ,,,110645, ﾚ,,,111645, ﾚ,,,112645, ﾚ,,,113645, ﾚ,,,114645, ﾚ,,,115645, ﾚ,,,120645, ﾚ,,,121645, ﾚ,,,122645, ﾚ,,,123645, ﾚ,,,124645, ﾚ,,,125645, ﾚ,,,130645, ﾚ,,,131645, ﾚ,,,132645, ﾚ,,,133645, ﾚ,,,134645, ﾚ,,,135645, ﾚ,,,140645, ﾚ,,,141645, ﾚ,,,142645, ﾚ,,,143645, ﾚ,,,144645, ﾚ,,,145645, ﾚ,,,150645, ﾚ,,,151645, ﾚ,,,152645, ﾚ,,,153645, ﾚ,,,154645, ﾚ,,,155645, ﾚ,,,160645, ﾚ,,,161645, ﾚ,,,162645, ﾚ,,,163645, ﾚ,,,164645, ﾚ,,,165645, ﾚ,,,,170645, ﾚ,,,171645, ﾚ,,,,172645, ﾚ,,, ﾚ,173645, ﾚ,,,,174455, ﾚ,,,175255, ﾚ,,,180055, ﾚ,,,180855, ﾚ,,,181655, ﾚ,,,182455, ﾚ,,,183255, ﾚ,,,184055, ﾚ,,,184855, ﾚ,,,185655, ﾚ,,,190455, ﾚ,,,191255, ﾚ,,,192055, ﾚ,,,192855, ﾚ,,,193655, ﾚ,,,194455, ﾚ,,,195255, ﾚ,,,200055, ﾚ,,,200855, ﾚ,,,201655, ﾚ,,,202455, ﾚ,,,203255, ﾚ,,,204055, ﾚ,,,205055, ﾚ,,,210055, ﾚ,,, ﾚ,,211055,, ﾚ,,,212055, ﾚ,,,213055, ﾚ,,,214055, ﾚ,,,215055, ﾚ,,,220055, ﾚ,,, ﾚ,221055, ﾚ,,,222055, ﾚ,,, ﾚ,, ﾚ,,224055, ﾚ,,,225545, ﾚ,, ﾚ,231045, ﾚ,,,232545, ﾚ,,,234045, ﾚ,,,235545, ﾚ,,, 01545, ﾚ,,,, 03545, ﾚ,,, 05545, ﾚ,
滝之川,番線,,緩2,,緩2,緩2,,緩2,上急,,上急,,,緩2,,緩2,上急,,,緩2,上急,,,,緩2,上急,,,緩2,上急,,,緩2,上急,,,,緩2,上急,上急,,,緩2,上急,上急,,,緩2,上急,上急,,,緩2,上急,上急,,,緩2,上急,上急,,,緩2,上急,上急,,,緩2,上急,上急,,,緩2,上急,上急,,,緩2,上急,上急,,,緩2,上急,上急,,,緩2,上急,上急,,,緩2,上急,上急,,,緩2,上急,上急,,,緩2,上急,上急,,,緩2,上急,上急,,,,緩2,上急,上急,,,,上急,上急,,,緩2,上急,,上急,上急,,緩2,,上急,,,,緩2,上急,,,緩2,,上急,,,緩2,上急,,,緩2,上急,,,緩2,緩2,上急,,,緩2,上急,,,緩2,上急,,,緩2,上急,,,緩2,上急,,,緩2,上急,,,緩2,上急,,,緩2,上急,,,緩2,上急,,,緩2,上急,,,緩2,上急,,,緩2,上急,,,緩2,上急,,,緩2,上急,,,緩2,上急,,,緩2,上急,,,緩2,上急,,,緩2,上急,,,緩2,上急,,,緩2,上急,,,緩2,上急,,,緩2,上急,,,緩2,上急,,,緩2,上急,,,緩2,上急,,,緩2,上急,,,緩2,上急,,,緩2,上急,,,緩2,上急,,,緩2,上急,,,緩2,上急,,,緩2,上急,,,緩2,上急,,,緩2,上急,,,緩2,上急,,,緩2,上急,,,緩2,上急,,,緩2,上急,,,緩2,上急,,,緩2,上急,,,緩2,上急,,,緩2,上急,,,緩2,上急,,,緩2,上急,,,,緩2,上急,,,緩2,上急,,,,緩2,上急,,,上急,緩2,上急,,,,緩2,上急,,,緩2,上急,,,緩2,上急,,,緩2,上急,,,緩2,上急,,,緩2,上急,,,緩2,上急,,,緩2,上急,,,緩2,上急,,,緩2,上急,,,緩2,上急,,,緩2,上急,,,緩2,上急,,,緩2,上急,,,緩2,上急,,,緩2,上急,,,緩2,上急,,,緩2,上急,,,緩2,上急,,,緩2,上急,,,緩2,上急,,,緩2,上急,,,緩2,上急,,,緩2,上急,,,緩2,上急,,,上急,,緩2,,上急,,,緩2,上急,,,緩2,上急,,,緩2,上急,,,緩2,上急,,,緩2,上急,,,緩2,緩2,上急,,,緩2,上急,,,緩2,,上急,,緩2,上急,,,緩2,上急,,上急,緩2,上急,,,緩2,上急,,,緩2,上急,,,緩2,上急,,,緩2,上急,,,,緩2,上急,,,緩2,上急,
滝之川,発,, 44215,, 50220, 51130,, 52220, ﾚ,, ﾚ,,, 53420,, 54525, ﾚ,,, 55525, ﾚ,,,, 60525, ﾚ,,, 61525, ﾚ,,, 62525, ﾚ,,,, 63305, ﾚ, ﾚ,,, 64105, ﾚ, ﾚ,,, 64825, ﾚ, ﾚ,,, 65625, ﾚ, ﾚ,,, 70325, ﾚ, ﾚ,,, 71125, ﾚ, ﾚ,,, 71925, ﾚ, ﾚ,,, 72725, ﾚ, ﾚ,,, 73525, ﾚ, ﾚ,,, 74325, ﾚ, ﾚ,,, 75125, ﾚ, ﾚ,,, 75925, ﾚ, ﾚ,,, 80725, ﾚ, ﾚ,,, 81525, ﾚ, ﾚ,,, 82325, ﾚ, ﾚ,,,, 83125, ﾚ, ﾚ,,,, ﾚ, ﾚ,,, 84725, ﾚ,, ﾚ, ﾚ,, 85715,, ﾚ,,,, 90715, ﾚ,,, 91715,, ﾚ,,, 92715, ﾚ,,, 93715, ﾚ,,, ﾚ, 94715, ﾚ,,, 95715, ﾚ,,,100715, ﾚ,,,101715, ﾚ,,,102715, ﾚ,,,103715, ﾚ,,,104715, ﾚ,,,105715, ﾚ,,,110715, ﾚ,,,111715, ﾚ,,,112715, ﾚ,,,113715, ﾚ,,,114715, ﾚ,,,115715, ﾚ,,,120715, ﾚ,,,121715, ﾚ,,,122715, ﾚ,,,123715, ﾚ,,,124715, ﾚ,,,125715, ﾚ,,,130715, ﾚ,,,131715, ﾚ,,,132715, ﾚ,,,133715, ﾚ,,,134715, ﾚ,,,135715, ﾚ,,,140715, ﾚ,,,141715, ﾚ,,,142715, ﾚ,,,143715, ﾚ,,,144715, ﾚ,,,145715, ﾚ,,,150715, ﾚ,,,151715, ﾚ,,,152715, ﾚ,,,153715, ﾚ,,,154715, ﾚ,,,155715, ﾚ,,,160715, ﾚ,,,161715, ﾚ,,,162715, ﾚ,,,163715, ﾚ,,,164715, ﾚ,,,165715, ﾚ,,,,170715, ﾚ,,,171715, ﾚ,,,,172715, ﾚ,,, ﾚ,173715, ﾚ,,,,174525, ﾚ,,,175325, ﾚ,,,180125, ﾚ,,,180925, ﾚ,,,181725, ﾚ,,,182525, ﾚ,,,183325, ﾚ,,,184125, ﾚ,,,184925, ﾚ,,,185725, ﾚ,,,190525, ﾚ,,,191325, ﾚ,,,192125, ﾚ,,,192925, ﾚ,,,193725, ﾚ,,,194525, ﾚ,,,195325, ﾚ,,,200125, ﾚ,,,200925, ﾚ,,,201725, ﾚ,,,202525, ﾚ,,,203325, ﾚ,,,204125, ﾚ,,,205125, ﾚ,,,210125, ﾚ,,, ﾚ,,211125,, ﾚ,,,212125, ﾚ,,,213125, ﾚ,,,214125, ﾚ,,,215125, ﾚ,,,220125, ﾚ,,, ﾚ,221125, ﾚ,,,222125, ﾚ,,, ﾚ,, ﾚ,,224125, ﾚ,,,225615, ﾚ,, ﾚ,231115, ﾚ,,,232615, ﾚ,,,234115, ﾚ,,,235615, ﾚ,,, 01615, ﾚ,,,, 03615, ﾚ,,, 05615, ﾚ,
二俣湖,着,, 44400,, 50405, 51315,, 52405, ﾚ,, 53120,,, 53605,, 54710, 54540,,, 55710, 55540,,,, 60710, 60540,,, 61710, 61540,,, 62710, 62540,,,, 63450, 63040, 63520,,, 64250, 63840, 64320,,, 65010, 64840, 65050,,, 65810, 65640, 65850,,, 70510, 70340, 70650,,, 71310, 71140, 71450,,, 72110, 71940, 72250,,, 72910, 72740, 73050,,, 73710, 73540, 73850,,, 74510, 74340, 74650,,, 75310, 75140, 75450,,, 80110, 75940, 80250,,, 80910, 80740, 81050,,, 81710, 81540, 81850,,, 82510, 82340, 82650,,,, 83310, 83115, 83450,,,, 83940, 84150,,, 84910, 84740,, 84950, 85600,, 85900,, 85730,,,, 90900, 90730,,, 91900,, 91730,,, 92900, 92730,,, 93900, 93730,,, 94620, 94900, 94730,,, 95900, 95730,,,100900,100730,,,101900,101730,,,102900,102730,,,103900,103730,,,104900,104730,,,105900,105730,,,110900,110730,,,111900,111730,,,112900,112730,,,113900,113730,,,114900,114730,,,115900,115730,,,120900,120730,,,121900,121730,,,122900,122730,,,123900,123730,,,124900,124730,,,125900,125730,,,130900,130730,,,131900,131730,,,132900,132730,,,133900,133730,,,134900,134730,,,135900,135730,,,140900,140730,,,141900,141730,,,142900,142730,,,143900,143730,,,144900,144730,,,145900,145730,,,150900,150730,,,151900,151730,,,152900,152730,,,153900,153730,,,154900,154730,,,155900,155730,,,160900,160730,,,161900,161730,,,162900,162730,,,163900,163730,,,164900,164730,,,165900,165730,,,,170900,170730,,,171900,171730,,,,172900,172730,,, ﾚ,173900,173730,,,,174710,174540,,,175510,175345,,,180310,180140,,,181110,180940,,,181910,181740,,,182710,182540,,,183510,183340,,,184310,184140,,,185110,184940,,,185910,185740,,,190710,190540,,,191510,191340,,,192310,192140,,,193110,192940,,,193910,193740,,,194710,194540,,,195510,195340,,,200310,200140,,,201110,200940,,,201910,201740,,,202710,202540,,,203510,203340,,,204310,204140,,,205310,205140,,,210310,210140,,,210420,,211310,,211140,,,212310,212140,,,213310,213140,,,214310,214140,,,215310,215140,,,220310,220140,,,220620,221310,221140,,,222310,222140,,,223620,,223350,,224310,224140,,,225800,225640,,225950,231300,231140,,,232800,232640,,,234300,234140,,,235800,235640,,, 01800, 01640,,,, 03800, 03640,,, 05800, 05640,
二俣湖,番線,,3,,3,3,,3,4,,4,,,3,,3,4,,,3,4,,,,3,4,,,3,4,,,3,4,,,,3,4,4,,,3,4,4,,,3,4,4,,,3,4,4,,,3,4,4,,,3,4,4,,,3,4,4,,,3,4,4,,,3,4,4,,,3,4,4,,,3,4,4,,,3,4,4,,,3,4,4,,,3,4,4,,,3,4,4,,,,3,4,4,,,,4,4,,,3,4,,4,4,,3,,4,,,,3,4,,,3,,4,,,3,4,,,3,4,,,3,3,4,,,3,4,,,3,4,,,3,4,,,3,4,,,3,4,,,3,4,,,3,4,,,3,4,,,3,4,,,3,4,,,3,4,,,3,4,,,3,4,,,3,4,,,3,4,,,3,4,,,3,4,,,3,4,,,3,4,,,3,4,,,3,4,,,3,4,,,3,4,,,3,4,,,3,4,,,3,4,,,3,4,,,3,4,,,3,4,,,3,4,,,3,4,,,3,4,,,3,4,,,3,4,,,3,4,,,3,4,,,3,4,,,3,4,,,3,4,,,3,4,,,3,4,,,3,4,,,3,4,,,,3,4,,,3,4,,,,3,4,,,4,3,4,,,,3,4,,,3,4,,,3,4,,,3,4,,,3,4,,,3,4,,,3,4,,,3,4,,,3,4,,,3,4,,,3,4,,,3,4,,,3,4,,,3,4,,,3,4,,,3,4,,,3,4,,,3,4,,,3,4,,,3,4,,,3,4,,,3,4,,,3,4,,,3,4,,,3,4,,,4,,3,,4,,,3,4,,,3,4,,,3,4,,,3,4,,,3,4,,,3,3,4,,,3,4,,,3,,4,,3,4,,,3,4,,4,3,4,,,3,4,,,3,4,,,3,4,,,3,4,,,,3,4,,,3,4,
二俣湖,発,, 44430,, 50435, 51345,, 52435, ﾚ,, 53150,,, 53635,, 54740, 54610,,, 55740, 55610,,,, 60740, 60610,,, 61740, 61610,,, 62740, 62610,,,,, 63110, 63550,,,, 63910, 64350,,,, 64910, 65120,,,, 65710, 65920,,,, 70410, 70720,,,, 71210, 71520,,,, 72010, 72320,,,, 72810, 73120,,,, 73610, 73920,,,, 74410, 74720,,,, 75210, 75520,,,, 80010, 80320,,,, 80810, 81120,,,, 81610, 81920,,,, 82410, 82720,,,,, 83145, 83520,,,, 84010, 84220,,,, 84810,, 85020, 85600,, 85930,, 85800,,,, 90930, 90800,,, 91930,, 91800,,, 92930, 92800,,, 93930, 93800,,,, 94930, 94800,,, 95930, 95800,,,100930,100800,,,101930,101800,,,102930,102800,,,103930,103800,,,104930,104800,,,105930,105800,,,110930,110800,,,111930,111800,,,112930,112800,,,113930,113800,,,114930,114800,,,115930,115800,,,120930,120800,,,121930,121800,,,122930,122800,,,123930,123800,,,124930,124800,,,125930,125800,,,130930,130800,,,131930,131800,,,132930,132800,,,133930,133800,,,134930,134800,,,135930,135800,,,140930,140800,,,141930,141800,,,142930,142800,,,143930,143800,,,144930,144800,,,145930,145800,,,150930,150800,,,151930,151800,,,152930,152800,,,153930,153800,,,154930,154800,,,155930,155800,,,160930,160800,,,161930,161800,,,162930,162800,,,163930,163800,,,164930,164800,,,165930,165800,,,,170930,170800,,,171930,171800,,,,172930,172800,,, ﾚ,173930,173800,,,,174740,174610,,,175540,175415,,,180340,180210,,,181140,181010,,,181940,181810,,,182740,182610,,,183540,183410,,,184340,184210,,,185140,185010,,,185940,185810,,,190740,190610,,,191540,191410,,,192340,192210,,,193140,193010,,,193940,193810,,,194740,194610,,,195540,195410,,,200340,200210,,,201140,201010,,,201940,201810,,,202740,202610,,,203540,203410,,,204340,204210,,,205340,205210,,,210340,210210,,,210520,,211340,,211210,,,212340,212210,,,213340,213210,,,214340,214210,,,215340,215210,,,220340,220210,,,,221340,221210,,,222340,222210,,,,,223420,,224340,224210,,,225830,225710,,230020,231330,231210,,,232830,232710,,,234330,234210,,,235830,235710,,, 01830, 01710,,,, 03830, 03710,,, 05830,,
葉山二俣国大,着,, 44720,, 50725, 51635,, 52725, ﾚ,, 53440,,, 53925,, 55030, 54900,,, 60030, 55900,,,, 61030, 60900,,, 62030, 61900,,, 63030, 62900,,,,, 63400, 63840,,,, 64200, 64640,,,, 65200, 65410,,,, 70000, 70210,,,, 70700, 71010,,,, 71500, 71810,,,, 72300, 72610,,,, 73100, 73410,,,, 73900, 74210,,,, 74700, 75010,,,, 75500, 75810,,,, 80300, 80610,,,, 81100, 81410,,,, 81900, 82210,,,, 82700, 83010,,,,, ﾚ, 83810,,,, 84300, 84510,,,, 85100,, 85310, ﾚ,, 90220,, ﾚ,,,, 91220, ﾚ,,, 92220,, ﾚ,,, 93220, ﾚ,,, 94220, ﾚ,,,, 95220, ﾚ,,,100220, ﾚ,,,101220, ﾚ,,,102220, ﾚ,,,103220, ﾚ,,,104220, ﾚ,,,105220, ﾚ,,,110220, ﾚ,,,111220, ﾚ,,,112220, ﾚ,,,113220, ﾚ,,,114220, ﾚ,,,115220, ﾚ,,,120220, ﾚ,,,121220, ﾚ,,,122220, ﾚ,,,123220, ﾚ,,,124220, ﾚ,,,125220, ﾚ,,,130220, ﾚ,,,131220, ﾚ,,,132220, ﾚ,,,133220, ﾚ,,,134220, ﾚ,,,135220, ﾚ,,,140220, ﾚ,,,141220, ﾚ,,,142220, ﾚ,,,143220, ﾚ,,,144220, ﾚ,,,145220, ﾚ,,,150220, ﾚ,,,151220, ﾚ,,,152220, ﾚ,,,153220, ﾚ,,,154220, ﾚ,,,155220, ﾚ,,,160220, ﾚ,,,161220, ﾚ,,,162220, ﾚ,,,163220, ﾚ,,,164220, ﾚ,,,165220, ﾚ,,,170220, ﾚ,,,,171220, ﾚ,,,172220, ﾚ,,,,173220, ﾚ,,,172845?,174220, ﾚ,,,,175030,174900,,,175830, ﾚ,,,180630,180500,,,181430,181300,,,182230,182100,,,183030,182900,,,183830,183700,,,184630,184500,,,185430,185300,,,190230,190100,,,191030,190900,,,191830,191700,,,192630,192500,,,193430,193300,,,194230,194100,,,195030,194900,,,195830,195700,,,200630,200500,,,201430,201300,,,202230,202100,,,203030,202900,,,203830, ﾚ,,,204630,204500,,,205630, ﾚ,,,210630,210500,,,210810,,211630,, ﾚ,,,212630,212500,,,213630, ﾚ,,,214630, ﾚ,,,215630,215500,,,220630,220500,,,,221630,221500,,,222630,222500,,,,,223710,,224630,224500,,,230120,230000,,230310,231620,231500,,,233120,233000,,,234620,234500,,, 00120, 00000,,, 02120, 02000,,,, 04120, 04000,,, 10120,,
葉山二俣国大,番線,,3,,3,3,,3,3,4,3,,,3,,3,3,,,3,3,,,,3,3,,,3,3,,,3,3,,,,,3,3,,,,3,3,,,,3,3,,,,3,3,,,,3,3,,,,3,3,,,,3,3,,,,3,3,,,,3,3,,,,3,3,,,,3,3,,,,3,3,,,,3,3,,,,3,3,,,,3,3,,,,,3,3,,,,3,3,,,,3,,3,3,,3,,3,,,,3,3,,,3,,3,,,3,3,,,3,3,,,,3,3,,,3,3,,,3,3,,,3,3,,,3,3,,,3,3,,,3,3,,,3,3,,,3,3,,,3,3,,,3,3,,,3,3,,,3,3,,,3,3,,,3,3,,,3,3,,,3,3,,,3,3,,,3,3,,,3,3,,,3,3,,,3,3,,,3,3,,,3,3,,,3,3,,,3,3,,,3,3,,,3,3,,,3,3,,,3,3,,,3,3,,,3,3,,,3,3,,,3,3,,,3,3,,,3,3,,,3,3,,,3,3,,,3,3,,,3,3,,,3,3,,,3,3,,,3,3,,,3,3,,,,3,3,,,3,3,,,,3,3,,,4,3,3,,,,3,3,,,3,3,,,3,3,,,3,3,,,3,3,,,3,3,,,3,3,,,3,3,,,3,3,,,3,3,,,3,3,,,3,3,,,3,3,,,3,3,,,3,3,,,3,3,,,3,3,,,3,3,,,3,3,,,3,3,,,3,3,,,3,3,,,3,3,,,3,3,,,3,3,,,3,,3,,3,,,3,3,,,3,3,,,3,3,,,3,3,,,3,3,,,,3,3,,,3,3,,,,,3,,3,3,,,3,3,,4,3,3,,,3,3,,,3,3,,,3,3,,,3,3,,,,3,3,,,3,,
葉山二俣国大,発,, 44750,, 50755, 51705,, 52755, ﾚ, 53200, 53510,,, 53955,, 55100, 54930,,, 60100, 55930,,,, 61100, 60930,,, 62100, 61930,,, 63100, 62930,,,,, 63430, 63910,,,, 64230, 64710,,,, 65230, 65440,,,, 70030, 70240,,,, 70730, 71040,,,, 71530, 71840,,,, 72330, 72640,,,, 73130, 73440,,,, 73930, 74240,,,, 74730, 75040,,,, 75530, 75840,,,, 80330, 80640,,,, 81130, 81440,,,, 81930, 82240,,,, 82730, 83040,,,,, ﾚ, 83840,,,, 84330, 84540,,,, 85130,, 85340, ﾚ,, 90250,, ﾚ,,,, 91250, ﾚ,,, 92250,, ﾚ,,, 93250, ﾚ,,, 94250, ﾚ,,,, 95250, ﾚ,,,100250, ﾚ,,,101250, ﾚ,,,102250, ﾚ,,,103250, ﾚ,,,104250, ﾚ,,,105250, ﾚ,,,110250, ﾚ,,,111250, ﾚ,,,112250, ﾚ,,,113250, ﾚ,,,114250, ﾚ,,,115250, ﾚ,,,120250, ﾚ,,,121250, ﾚ,,,122250, ﾚ,,,123250, ﾚ,,,124250, ﾚ,,,125250, ﾚ,,,130250, ﾚ,,,131250, ﾚ,,,132250, ﾚ,,,133250, ﾚ,,,134250, ﾚ,,,135250, ﾚ,,,140250, ﾚ,,,141250, ﾚ,,,142250, ﾚ,,,143250, ﾚ,,,144250, ﾚ,,,145250, ﾚ,,,150250, ﾚ,,,151250, ﾚ,,,152250, ﾚ,,,153250, ﾚ,,,154250, ﾚ,,,155250, ﾚ,,,160250, ﾚ,,,161250, ﾚ,,,162250, ﾚ,,,163250, ﾚ,,,164250, ﾚ,,,165250, ﾚ,,,170250, ﾚ,,,,171250, ﾚ,,,172250, ﾚ,,,,173250, ﾚ,,,173100?,174250, ﾚ,,,,175100,174930,,,175900, ﾚ,,,180700,180530,,,181500,181330,,,182300,182130,,,183100,182930,,,183900,183730,,,184700,184530,,,185500,185330,,,190300,190130,,,191100,190930,,,191900,191730,,,192700,192530,,,193500,193330,,,194300,194130,,,195100,194930,,,195900,195730,,,200700,200530,,,201500,201330,,,202300,202130,,,203100,202930,,,203900, ﾚ,,,204700,204530,,,205700, ﾚ,,,210700,210530,,,210840,,211700,, ﾚ,,,212700,212530,,,213700, ﾚ,,,214700, ﾚ,,,215700,215530,,,220700,220530,,,,221700,221530,,,222700,222530,,,,,223740,,224700,224530,,,230150,230030,,,231650,231530,,,233150,233030,,,234650,234530,,, 00150, 00030,,, 02150, 02030,,,, 04150, 04030,,, 10150,,
古葉町,発,, 45020,, 51025, 51935,, 53025, ﾚ, ﾚ, ﾚ,,, 54225,, 55330, ﾚ,,, 60330, ﾚ,,,, 61330, ﾚ,,, 62330, ﾚ,,, 63330, ﾚ,,,,, ﾚ, 64140,,,, ﾚ, 64940,,,, ﾚ, 65710,,,, ﾚ, 70510,,,, ﾚ, 71310,,,, ﾚ, 72110,,,, ﾚ, 72910,,,, ﾚ, 73710,,,, ﾚ, 74510,,,, ﾚ, 75310,,,, ﾚ, 80110,,,, ﾚ, 80910,,,, ﾚ, 81710,,,, ﾚ, 82510,,,, ﾚ, 83310,,,,, ﾚ, 84110,,,, ﾚ, 84810,,,, ﾚ,, 85610, ﾚ,, 90520,, ﾚ,,,, 91520, ﾚ,,, 92520,, ﾚ,,, 93520, ﾚ,,, 94520, ﾚ,,,, 95520, ﾚ,,,100520, ﾚ,,,101520, ﾚ,,,102520, ﾚ,,,103520, ﾚ,,,104520, ﾚ,,,105520, ﾚ,,,110520, ﾚ,,,111520, ﾚ,,,112520, ﾚ,,,113520, ﾚ,,,114520, ﾚ,,,115520, ﾚ,,,120520, ﾚ,,,121520, ﾚ,,,122520, ﾚ,,,123520, ﾚ,,,124520, ﾚ,,,125520, ﾚ,,,130520, ﾚ,,,131520, ﾚ,,,132520, ﾚ,,,133520, ﾚ,,,134520, ﾚ,,,135520, ﾚ,,,140520, ﾚ,,,141520, ﾚ,,,142520, ﾚ,,,143520, ﾚ,,,144520, ﾚ,,,145520, ﾚ,,,150520, ﾚ,,,151520, ﾚ,,,152520, ﾚ,,,153520, ﾚ,,,154520, ﾚ,,,155520, ﾚ,,,160520, ﾚ,,,161520, ﾚ,,,162520, ﾚ,,,163520, ﾚ,,,164520, ﾚ,,,165520, ﾚ,,,170520, ﾚ,,,,171520, ﾚ,,,172520, ﾚ,,,,173520, ﾚ,,, ﾚ,174520, ﾚ,,,,175330, ﾚ,,,180130, ﾚ,,,180930, ﾚ,,,181730, ﾚ,,,182530, ﾚ,,,183330, ﾚ,,,184130, ﾚ,,,184930, ﾚ,,,185730, ﾚ,,,190530, ﾚ,,,191330, ﾚ,,,192130, ﾚ,,,192930, ﾚ,,,193730, ﾚ,,,194530, ﾚ,,,195330, ﾚ,,,200130, ﾚ,,,200930, ﾚ,,,201730, ﾚ,,,202530, ﾚ,,,203330, ﾚ,,,204130, ﾚ,,,204930, ﾚ,,,205930, ﾚ,,,210930, ﾚ,,, ﾚ,,211930,, ﾚ,,,212930, ﾚ,,,213930, ﾚ,,,214930, ﾚ,,,215930, ﾚ,,,220930, ﾚ,,,,221930, ﾚ,,,222930, ﾚ,,,,,224010,,224930, ﾚ,,,230420, ﾚ,,,231920, ﾚ,,,233420, ﾚ,,,234920, ﾚ,,, 00420, ﾚ,,, 02420, ﾚ,,,, 04420, ﾚ,,, 10420,,
二鳥新町,着,, 45155,, 51200, 52110,, 53200, 53310, 53435, 53745,,, 54400,, 55505, 55205,,, 60505, 60205,,,, 61505, 61205,,, 62505, 62205,,, 63505, 63205,,,,, 63705, 64315,,,, 64505, 65115,,,, 65505, 65845,,,, 70305, 70645,,,, 71005, 71445,,,, 71805, 72245,,,, 72605, 73045,,,, 73405, 73845,,,, 74205, 74645,,,, 75005, 75445,,,, 75805, 80245,,,, 80605, 81045,,,, 81405, 81845,,,, 82205, 82645,,,, 83005, 83445,,,,, 83555, 84245,,,, 84605, 84945,,,, 85405,, 85745, 90010,, 90655,, 90210,,,, 91655, 91210,,, 92655,, 92210,,, 93655, 93210,,, 94655, 94210,,,, 95655, 95210,,,100655,100210,,,101655,101210,,,102655,102210,,,103655,103210,,,104655,104210,,,105655,105210,,,110655,110210,,,111655,111210,,,112655,112210,,,113655,113210,,,114655,114210,,,115655,115210,,,120655,120210,,,121655,121210,,,122655,122210,,,123655,123210,,,124655,124210,,,125655,125210,,,130655,130210,,,131655,131210,,,132655,132210,,,133655,133210,,,134655,134210,,,135655,135210,,,140655,140210,,,141655,141210,,,142655,142210,,,143655,143210,,,144655,144210,,,145655,145210,,,150655,150210,,,151655,151210,,,152655,152210,,,153655,153210,,,154655,154210,,,155655,155210,,,160655,160210,,,161655,161210,,,162655,162210,,,163655,163210,,,164655,164210,,,165655,165210,,,170655,170210,,,,171655,171210,,,172655,172210,,,,173655,173210,,,173335,174655,174210,,,,175505,175205,,,180305,175825,,,181105,180805,,,181905,181605,,,182705,182405,,,183505,183205,,,184305,184005,,,185105,184805,,,185905,185605,,,190705,190405,,,191505,191205,,,192305,192005,,,193105,192805,,,193905,193605,,,194705,194405,,,195505,195205,,,200305,200005,,,201105,200805,,,201905,201605,,,202705,202405,,,203505,203205,,,204305,203820,,,205105,204805,,,210105,205620,,,211105,210805,,,211115,,212105,,211620,,,213105,212805,,,214105,213620,,,215105,214620,,,220105,215805,,,221105,220805,,,,222105,221805,,,223105,222805,,,,,224145,,225105,224805,,,230555,230305,,,232055,231805,,,233555,233305,,,235055,234805,,, 00555, 00305,,, 02555, 02305,,,, 04555, 04305,,, 10555,,
二鳥新町,番線,,2,,2,3,,3,4,1,2,,4,3,,2,4,4,,3,4,4,,,2,4,4,,3,4,4,,2,4,4,,,,3,4,4,,,2,4,4,,,3,4,4,,,2,4,4,,,3,4,4,,,2,4,4,,,3,4,4,,,2,4,4,,,3,4,4,,,2,4,4,,,3,4,4,,,2,4,4,,,3,4,4,,,2,4,4,,,3,4,4,,,,2,4,4,,,2,4,4,,,4,4,2,4,4,2,,4,4,,,2,4,4,,2,,4,4,,2,4,4,,2,4,4,,,2,4,4,,2,4,4,,2,4,4,,2,4,4,,2,4,4,,2,4,4,,2,4,4,,2,4,4,,2,4,4,,2,4,4,,2,4,4,,2,4,4,,2,4,4,,2,4,4,,2,4,4,,2,4,4,,2,4,4,,2,4,4,,2,4,4,,2,4,4,,2,4,4,,2,4,4,,2,4,4,,2,4,4,,2,4,4,,2,4,4,,2,4,4,,2,4,4,,2,4,4,,2,4,4,,2,4,4,,2,4,4,,2,4,4,,2,4,4,,2,4,4,,2,4,4,,2,4,4,,2,4,4,,2,4,4,,2,4,4,,2,4,4,,2,4,4,,2,4,4,,2,4,4,,,2,4,4,,2,4,4,,,2,4,4,,3,3,4,4,,,2,4,4,,3,4,4,,2,4,4,,3,4,4,,2,4,4,,3,4,4,,2,4,4,,3,4,4,,2,4,4,,3,4,4,,2,4,4,,3,4,4,,2,4,4,,3,4,4,,2,4,4,,3,4,4,,2,4,4,,3,4,4,,2,4,4,,3,4,4,,2,4,4,,3,4,4,,2,4,4,,3,4,4,,3,4,4,,4,4,3,,4,4,,3,4,4,,3,4,4,,3,4,4,,3,4,4,,3,4,4,,,3,4,4,,3,4,4,,,,4,,3,4,4,,3,4,4,,3,4,4,,3,4,4,,3,4,4,,3,4,4,,3,4,4,,,3,4,4,,3,,
二鳥新町,発,,,,,,,,,,,, 53440,,,,, 55305,,,, 60305,,,,, 61305,,,, 62305,,,, 63305,,,,,, 64415,,,,, 65215,,,,, 70015,,,,, 70815,,,,, 71615,,,,, 72415,,,,, 73215,,,,, 74015,,,,, 74815,,,,, 75615,,,,, 80415,,,,, 81215,,,,, 82015,,,,, 82830,,,,, 83645,,,,,, 84345,,,,, 85045,,,, 85605,,, 90110,,,, 90310,,,,, 91310,,,,, 92310,,,, 93310,,,, 94310,,,,, 95310,,,,100310,,,,101310,,,,102310,,,,103310,,,,104310,,,,105310,,,,110310,,,,111310,,,,112310,,,,113310,,,,114310,,,,115310,,,,120310,,,,121310,,,,122310,,,,123310,,,,124310,,,,125310,,,,130310,,,,131310,,,,132310,,,,133310,,,,134310,,,,135310,,,,140310,,,,141310,,,,142310,,,,143310,,,,144310,,,,145310,,,,150310,,,,151310,,,,152310,,,,153310,,,,154310,,,,155310,,,,160310,,,,161310,,,,162310,,,,163310,,,,164310,,,,165310,,,,170310,,,,,171310,,,,172310,,,,,173310,,,,,174310,,,,,175310,,,,180110,,,,180910,,,,181710,,,,182510,,,,183310,,,,184110,,,,184910,,,,185710,,,,190510,,,,191310,,,,192110,,,,192910,,,,193710,,,,194510,,,,195310,,,,200110,,,,200910,,,,201710,,,,202510,,,,203305,,,,203920,,,,204905,,,,205720,,,,210910,,,211245,,,,211910,,,,212910,,,,213910,,,,214910,,,,215910,,,,220910,,,,,221910,,,,222910,,,,,,,,224910,,,,230535,,,,231905,,,,233405,,,,234905,,,, 00405,,,, 02405,,,,, 04405,,,,
新二鳥,着,,,,,,,,,,,, 53730,,,,, 55555,,,, 60555,,,,, 61555,,,, 62555,,,, 63555,,,,,, 64705,,,,, 65505,,,,, 70305,,,,, 71105,,,,, 71905,,,,, 72705,,,,, 73505,,,,, 74305,,,,, 75105,,,,, 75905,,,,, 80705,,,,, 81505,,,,, 82305,,,,, 83120,,,,, 83935,,,,,, 84635,,,,, 85335,,,, 85855,,, 90400,,,, 90600,,,,, 91600,,,,, 92600,,,, 93600,,,, 94600,,,,, 95600,,,,100600,,,,101600,,,,102600,,,,103600,,,,104600,,,,105600,,,,110600,,,,111600,,,,112600,,,,113600,,,,114600,,,,115600,,,,120600,,,,121600,,,,122600,,,,123600,,,,124600,,,,125600,,,,130600,,,,131600,,,,132600,,,,133600,,,,134600,,,,135600,,,,140600,,,,141600,,,,142600,,,,143600,,,,144600,,,,145600,,,,150600,,,,151600,,,,152600,,,,153600,,,,154600,,,,155600,,,,160600,,,,161600,,,,162600,,,,163600,,,,164600,,,,165600,,,,170600,,,,,171600,,,,172600,,,,,173600,,,,,174600,,,,,175600,,,,180400,,,,181200,,,,182000,,,,182800,,,,183600,,,,184400,,,,185200,,,,190000,,,,190800,,,,191600,,,,192400,,,,193200,,,,194000,,,,194800,,,,195600,,,,200400,,,,201200,,,,202000,,,,202800,,,,203555,,,,204210,,,,205155,,,,210010,,,,211200,,,211535,,,,212200,,,,213200,,,,214200,,,,215200,,,,220200,,,,221200,,,,,222200,,,,223200,,,,,,,,225200,,,,230825,,,,232155,,,,233655,,,,235155,,,, 00655,,,, 02655,,,,, 04655,,,,
新二鳥,番線,3,,3,,,3,,,,,,4,,3,,,4,3,,,4,4,3,,,4,3,,,4,3,,,4,4,3,,,,4,3,,,,4,3,,,,4,3,,,,4,3,,,,4,3,,,,4,3,,,,4,3,,,,4,3,,,,4,3,,,,4,3,,,,4,3,,,,4,3,,,,4,3,,,,4,3,,,,4,4,3,,,,4,3,,,,4,,,,4,,,3,,3,,4,3,,,,4,3,,,,4,3,,,4,3,,,4,3,,,,4,3,,,4,3,,,4,3,,,4,3,,,4,3,,,4,3,,,4,3,,,4,3,,,4,3,,,4,3,,,4,3,,,4,3,,,4,3,,,4,3,,,4,3,,,4,3,,,4,3,,,4,3,,,4,3,,,4,3,,,4,3,,,4,3,,,4,3,,,4,3,,,4,3,,,4,3,,,4,3,,,4,3,,,4,3,,,4,3,,,4,3,,,4,3,,,4,3,,,4,3,,,4,3,,,4,3,,,4,3,,,4,3,,,4,3,,,4,3,,,4,3,,,4,3,,,4,3,,,4,3,4,,,4,3,,,4,3,4,,,4,3,,,,4,3,4,,,4,3,,,4,3,,,4,3,,,4,3,,,4,3,,,4,3,,,4,3,,,4,3,,,4,3,,,4,3,,,4,3,,,4,3,,,4,3,,,4,3,,,4,3,,,4,3,,,4,3,,,4,3,,,4,3,,,4,3,,,4,3,,,4,3,,,4,3,,,4,3,,,4,3,,4,,,,4,3,,,4,3,,,4,3,,,4,3,,,4,3,,,4,3,,,,4,3,,,4,3,,,,3,,,4,3,,,3,,,,4,3,,,4,3,,,4,3,,,4,3,,,4,4,3,,,4,3,,,
新二鳥,発, 44500,, 50500,,, 52500,,,,,, 53800,, 55200,,, 55625, 60200,,, 60625, 61000, 61200,,, 61625, 62200,,, 62625, 63000,,, 63625, 63800, 64000,,,, 64735, 65000,,,, 65535, 65800,,,, 70335, 70600,,,, 71135, 71400,,,, 71935, 72200,,,, 72735, 73000,,,, 73535, 73800,,,, 74335, 74600,,,, 75135, 75400,,,, 75935, 80200,,,, 80735, 81000,,,, 81535, 81800,,,, 82335, 82600,,,, 83150, 83400,,,, 84005, 83800, 84230,,,, 84705, 85000,,,,,,,, 85925,,,,, 90030,, 90630, 90800,,,, 91630, 91800,,,, 92630, 92800,,, 93630, 93800,,, 94630, 94800,,,, 95630, 95800,,,100630,100800,,,101630,101800,,,102630,102800,,,103630,103800,,,104630,104800,,,105630,105800,,,110630,110800,,,111630,111800,,,112630,112800,,,113630,113800,,,114630,114800,,,115630,115800,,,120630,120800,,,121630,121800,,,122630,122800,,,123630,123800,,,124630,124800,,,125630,125800,,,130630,130800,,,131630,131800,,,132630,132800,,,133630,133800,,,134630,134800,,,135630,135800,,,140630,140800,,,141630,141800,,,142630,142800,,,143630,143800,,,144630,144800,,,145630,145800,,,150630,150800,,,151630,151800,,,152630,152800,,,153630,153800,,,154630,154800,,,155630,155800,,,160630,160800,,,161630,161800,,,162630,162800,,,163630,163800,,,164630,164800,,,165630,165800,,,170630,170800,171300,,,171630,171800,,,172630,172800,173300,,,173630,173800,,,,174630,174730,175200,,,175630,175800,,,180430,180600,,,181230,181400,,,182030,182200,,,182830,183000,,,183630,183800,,,184430,184600,,,185230,185400,,,190030,190200,,,190830,191000,,,191630,191800,,,192430,192600,,,193230,193400,,,194030,194200,,,194830,195000,,,195630,195800,,,200430,200600,,,201230,201400,,,202030,202200,,,202830,203000,,,,203800,,,204240,204600,,,,205400,,,210040,210400,,,211230,211400,,,,,,212230,212400,,,213230,213400,,,214230,214400,,,215230,215400,,,220230,220400,,,221230,221400,,,,222230,222400,,,223230,223400,,,,224400,,,225230,225900,,,230855,,,,232225,232400,,,233725,233900,,,,235400,,, 00725, 00900,,,, 03400, 02900,,, 04725, 04900,,,
北陽町,発, 44740,, 50740,,, 52740,,,,,, 54040,, 55440,,, ﾚ, 60440,,, ﾚ, ﾚ, 61440,,, ﾚ, 62440,,, ﾚ, 63240,,, ﾚ, ﾚ, 64240,,,, ﾚ, 65240,,,, ﾚ, 70040,,,, ﾚ, 70840,,,, ﾚ, 71640,,,, ﾚ, 72440,,,, ﾚ, 73240,,,, ﾚ, 74040,,,, ﾚ, 74840,,,, ﾚ, 75640,,,, ﾚ, 80440,,,, ﾚ, 81240,,,, ﾚ, 82040,,,, ﾚ, 82840,,,, ﾚ, 83640,,,, ﾚ, ﾚ, 84510,,,, ﾚ, 85240,,,,,,,, ﾚ,,,,, 90310,, ﾚ, 91040,,,, ﾚ, 92040,,,, ﾚ, 93040,,, ﾚ, 94040,,, ﾚ, 95040,,,, ﾚ,100040,,, ﾚ,101040,,, ﾚ,102040,,, ﾚ,103040,,, ﾚ,104040,,, ﾚ,105040,,, ﾚ,110040,,, ﾚ,111040,,, ﾚ,112040,,, ﾚ,113040,,, ﾚ,114040,,, ﾚ,115040,,, ﾚ,120040,,, ﾚ,121040,,, ﾚ,122040,,, ﾚ,123040,,, ﾚ,124040,,, ﾚ,125040,,, ﾚ,130040,,, ﾚ,131040,,, ﾚ,132040,,, ﾚ,133040,,, ﾚ,134040,,, ﾚ,135040,,, ﾚ,140040,,, ﾚ,141040,,, ﾚ,142040,,, ﾚ,143040,,, ﾚ,144040,,, ﾚ,145040,,, ﾚ,150040,,, ﾚ,151040,,, ﾚ,152040,,, ﾚ,153040,,, ﾚ,154040,,, ﾚ,155040,,, ﾚ,160040,,, ﾚ,161040,,, ﾚ,162040,,, ﾚ,163040,,, ﾚ,164040,,, ﾚ,165040,,, ﾚ,170040,,, ﾚ,171040, ﾚ,,, ﾚ,172040,,, ﾚ,173040, ﾚ,,, ﾚ,174040,,,, ﾚ,175010, ﾚ,,, ﾚ,180040,,, ﾚ,180840,,, ﾚ,181640,,, ﾚ,182440,,, ﾚ,183240,,, ﾚ,184040,,, ﾚ,184840,,, ﾚ,185640,,, ﾚ,190440,,, ﾚ,191240,,, ﾚ,192040,,, ﾚ,192840,,, ﾚ,193640,,, ﾚ,194440,,, ﾚ,195240,,, ﾚ,200040,,, ﾚ,200840,,, ﾚ,201640,,, ﾚ,202440,,, ﾚ,203240,,,,204040,,, ﾚ,204840,,,,205640,,, ﾚ,210640,,, ﾚ,211640,,,,,, ﾚ,212640,,, ﾚ,213640,,, ﾚ,214640,,, ﾚ,215640,,, ﾚ,220640,,, ﾚ,221640,,,, ﾚ,222640,,, ﾚ,223640,,,,224640,,, ﾚ,230140,,,231135,,,, ﾚ,232640,,, ﾚ,234140,,,,235640,,, ﾚ, 01140,,,, ﾚ, 03140,,, ﾚ, 05140,,,
吉永坂,発, 44950,, 50950,,, 52950,,,,,, 54250,, 55650,,, ﾚ, 60650,,, ﾚ, ﾚ, 61650,,, ﾚ, 62650,,, ﾚ, 63450,,, ﾚ, ﾚ, 64450,,,, ﾚ, 65450,,,, ﾚ, 70250,,,, ﾚ, 71050,,,, ﾚ, 71850,,,, ﾚ, 72650,,,, ﾚ, 73450,,,, ﾚ, 74250,,,, ﾚ, 75050,,,, ﾚ, 75850,,,, ﾚ, 80650,,,, ﾚ, 81450,,,, ﾚ, 82250,,,, ﾚ, 83050,,,, ﾚ, 83850,,,, ﾚ, ﾚ, 84720,,,, ﾚ, 85450,,,,,,,, ﾚ,,,,, 90520,, ﾚ, 91250,,,, ﾚ, 92250,,,, ﾚ, 93250,,, ﾚ, 94250,,, ﾚ, 95250,,,, ﾚ,100250,,, ﾚ,101250,,, ﾚ,102250,,, ﾚ,103250,,, ﾚ,104250,,, ﾚ,105250,,, ﾚ,110250,,, ﾚ,111250,,, ﾚ,112250,,, ﾚ,113250,,, ﾚ,114250,,, ﾚ,115250,,, ﾚ,120250,,, ﾚ,121250,,, ﾚ,122250,,, ﾚ,123250,,, ﾚ,124250,,, ﾚ,125250,,, ﾚ,130250,,, ﾚ,131250,,, ﾚ,132250,,, ﾚ,133250,,, ﾚ,134250,,, ﾚ,135250,,, ﾚ,140250,,, ﾚ,141250,,, ﾚ,142250,,, ﾚ,143250,,, ﾚ,144250,,, ﾚ,145250,,, ﾚ,150250,,, ﾚ,151250,,, ﾚ,152250,,, ﾚ,153250,,, ﾚ,154250,,, ﾚ,155250,,, ﾚ,160250,,, ﾚ,161250,,, ﾚ,162250,,, ﾚ,163250,,, ﾚ,164250,,, ﾚ,165250,,, ﾚ,170250,,, ﾚ,171250, ﾚ,,, ﾚ,172250,,, ﾚ,173250, ﾚ,,, ﾚ,174250,,,, ﾚ,175220, ﾚ,,, ﾚ,180250,,, ﾚ,181050,,, ﾚ,181850,,, ﾚ,182650,,, ﾚ,183450,,, ﾚ,184250,,, ﾚ,185050,,, ﾚ,185850,,, ﾚ,190650,,, ﾚ,191450,,, ﾚ,192250,,, ﾚ,193050,,, ﾚ,193850,,, ﾚ,194650,,, ﾚ,195450,,, ﾚ,200250,,, ﾚ,201050,,, ﾚ,201850,,, ﾚ,202650,,, ﾚ,203450,,,,204250,,, ﾚ,205050,,,,205850,,, ﾚ,210850,,, ﾚ,211850,,,,,, ﾚ,212850,,, ﾚ,213850,,, ﾚ,214850,,, ﾚ,215850,,, ﾚ,220850,,, ﾚ,221850,,,, ﾚ,222850,,, ﾚ,223850,,,,224850,,, ﾚ,230350,,,231345,,,, ﾚ,232850,,, ﾚ,234350,,,,235850,,, ﾚ, 01350,,,, ﾚ, 03350,,, ﾚ, 05350,,,
汐浦大橋,着, 45135,, 51135,,, 53135,,,,,, 54435,, 55835,,, 60045, 60835,,, 61045, ﾚ, 61835,,, 62045, 62835,,, 63045, 63635,,, 64045, ﾚ, 64635,,,, 65155, 65635,,,, 65955, 70435,,,, 70755, 71235,,,, 71555, 72035,,,, 72355, 72835,,,, 73155, 73635,,,, 73955, 74435,,,, 74755, 75235,,,, 75555, 80035,,,, 80355, 80835,,,, 81155, 81635,,,, 81955, 82435,,,, 82755, 83235,,,, ﾚ, 84035,,,, ﾚ, ﾚ, 84905,,,, ﾚ, 85635,,,,,,,, ﾚ,,,,, 90705,, ﾚ, 91435,,,, ﾚ, 92435,,,, ﾚ, 93435,,, ﾚ, 94435,,, ﾚ, 95435,,,, ﾚ,100435,,, ﾚ,101435,,, ﾚ,102435,,, ﾚ,103435,,, ﾚ,104435,,, ﾚ,105435,,, ﾚ,110435,,, ﾚ,111435,,, ﾚ,112435,,, ﾚ,113435,,, ﾚ,114435,,, ﾚ,115435,,, ﾚ,120435,,, ﾚ,121435,,, ﾚ,122435,,, ﾚ,123435,,, ﾚ,124435,,, ﾚ,125435,,, ﾚ,130435,,, ﾚ,131435,,, ﾚ,132435,,, ﾚ,133435,,, ﾚ,134435,,, ﾚ,135435,,, ﾚ,140435,,, ﾚ,141435,,, ﾚ,142435,,, ﾚ,143435,,, ﾚ,144435,,, ﾚ,145435,,, ﾚ,150435,,, ﾚ,151435,,, ﾚ,152435,,, ﾚ,153435,,, ﾚ,154435,,, ﾚ,155435,,, ﾚ,160435,,, ﾚ,161435,,, ﾚ,162435,,, ﾚ,163435,,, ﾚ,164435,,, ﾚ,165435,,, ﾚ,170435,,, ﾚ,171435, ﾚ,,, ﾚ,172435,,, ﾚ,173435, ﾚ,,, ﾚ,174435,,,, ﾚ,175405, ﾚ,,, ﾚ,180435,,, ﾚ,181235,,, ﾚ,182035,,, ﾚ,182835,,, ﾚ,183635,,, ﾚ,184435,,, ﾚ,185235,,, ﾚ,190035,,, ﾚ,190835,,, ﾚ,191635,,, ﾚ,192435,,, ﾚ,193235,,, ﾚ,194035,,, ﾚ,194835,,, ﾚ,195635,,, ﾚ,200435,,, ﾚ,201235,,, ﾚ,202035,,, ﾚ,202835,,, ﾚ,203635,,,,204435,,, ﾚ,205235,,,,210035,,, ﾚ,211035,,, ﾚ,212035,,,,,, ﾚ,213035,,, ﾚ,214035,,, ﾚ,215035,,, ﾚ,220035,,, ﾚ,221035,,, ﾚ,222035,,,, ﾚ,223035,,, ﾚ,224035,,,,225035,,, ﾚ,230535,,,231530,,,, ﾚ,233035,,, ﾚ,234535,,,, 00035,,, ﾚ, 01535,,,, 03805, 03535,,, ﾚ, 05535,,,
汐浦大橋,番線,2,,2,,,2,,,,,,2,,2,,,2,2,,,2,2,2,,,2,2,,,2,2,,,2,2,2,,,,2,2,,,,2,2,,,,2,2,,,,2,2,,,,2,2,,,,2,2,,,,2,2,,,,2,2,,,,2,2,,,,2,2,,,,2,2,,,,2,2,,,,2,2,,,,2,2,,,,2,2,2,,,,2,2,,,,,,,,2,,,,,2,,2,2,,,,2,2,,,,2,2,,,2,2,,,2,2,,,,2,2,,,2,2,,,2,2,,,2,2,,,2,2,,,2,2,,,2,2,,,2,2,,,2,2,,,2,2,,,2,2,,,2,2,,,2,2,,,2,2,,,2,2,,,2,2,,,2,2,,,2,2,,,2,2,,,2,2,,,2,2,,,2,2,,,2,2,,,2,2,,,2,2,,,2,2,,,2,2,,,2,2,,,2,2,,,2,2,,,2,2,,,2,2,,,2,2,,,2,2,,,2,2,,,2,2,,,2,2,,,2,2,,,2,2,,,2,2,,,2,2,,,2,2,,,2,2,,,2,2,2,,,2,2,,,2,2,2,,,2,2,,,,2,2,2,,,2,2,,,2,2,,,2,2,,,2,2,,,2,2,,,2,2,,,2,2,,,2,2,,,2,2,,,2,2,,,2,2,,,2,2,,,2,2,,,2,2,,,2,2,,,2,2,,,2,2,,,2,2,,,2,2,,,2,2,,,,2,,,2,2,,,,2,,,2,2,,,2,2,,,,,,2,2,,,2,2,,,2,2,,,2,2,,,2,2,,,2,2,,,,2,2,,,2,2,,,,2,,,2,2,,,2,,,,2,2,,,2,2,,,,2,,,2,2,,,,2,2,,,2,2,,,
汐浦大橋,発, 45205,, 51205,,, 53205,,,,,, 54505,, 55905,,, 60115, 60905,,, 61115, ﾚ, 61905,,, 62115, 62905,,, 63115, 63705,,, 64115, ﾚ, 64705,,,, 65225, 65705,,,, 70025, 70505,,,, 70825, 71305,,,, 71625, 72105,,,, 72425, 72905,,,, 73225, 73705,,,, 74025, 74505,,,, 74825, 75305,,,, 75625, 80105,,,, 80425, 80905,,,, 81225, 81705,,,, 82025, 82505,,,, 82825, 83305,,,, ﾚ, 84105,,,, ﾚ, ﾚ, 84935,,,, ﾚ, 85705,,,,,,,, ﾚ,,,,, 90735,, ﾚ, 91505,,,, ﾚ, 92505,,,, ﾚ, 93505,,, ﾚ, 94505,,, ﾚ, 95505,,,, ﾚ,100505,,, ﾚ,101505,,, ﾚ,102505,,, ﾚ,103505,,, ﾚ,104505,,, ﾚ,105505,,, ﾚ,110505,,, ﾚ,111505,,, ﾚ,112505,,, ﾚ,113505,,, ﾚ,114505,,, ﾚ,115505,,, ﾚ,120505,,, ﾚ,121505,,, ﾚ,122505,,, ﾚ,123505,,, ﾚ,124505,,, ﾚ,125505,,, ﾚ,130505,,, ﾚ,131505,,, ﾚ,132505,,, ﾚ,133505,,, ﾚ,134505,,, ﾚ,135505,,, ﾚ,140505,,, ﾚ,141505,,, ﾚ,142505,,, ﾚ,143505,,, ﾚ,144505,,, ﾚ,145505,,, ﾚ,150505,,, ﾚ,151505,,, ﾚ,152505,,, ﾚ,153505,,, ﾚ,154505,,, ﾚ,155505,,, ﾚ,160505,,, ﾚ,161505,,, ﾚ,162505,,, ﾚ,163505,,, ﾚ,164505,,, ﾚ,165505,,, ﾚ,170505,,, ﾚ,171505, ﾚ,,, ﾚ,172505,,, ﾚ,173505, ﾚ,,, ﾚ,174505,,,, ﾚ,175435, ﾚ,,, ﾚ,180505,,, ﾚ,181305,,, ﾚ,182105,,, ﾚ,182905,,, ﾚ,183705,,, ﾚ,184505,,, ﾚ,185305,,, ﾚ,190105,,, ﾚ,190905,,, ﾚ,191705,,, ﾚ,192505,,, ﾚ,193305,,, ﾚ,194105,,, ﾚ,194905,,, ﾚ,195705,,, ﾚ,200505,,, ﾚ,201305,,, ﾚ,202105,,, ﾚ,202905,,, ﾚ,203705,,,,204505,,, ﾚ,205305,,,,210105,,, ﾚ,211105,,, ﾚ,212105,,,,,, ﾚ,213105,,, ﾚ,214105,,, ﾚ,215105,,, ﾚ,220105,,, ﾚ,221105,,, ﾚ,222105,,,, ﾚ,223105,,, ﾚ,224105,,,,225105,,, ﾚ,230605,,,231600,,,, ﾚ,233105,,, ﾚ,234605,,,, 00105,,, ﾚ, 01605,,,,, 03605,,, ﾚ, 05605,,,
汐浪公園,着, 45410,, 51410,,, 53410,,,,,, 54710,, 60110,,, 60320, 61110,,, 61320, 61535, 62110,,, 62320, 63110,,, 63320, 63910,,, 64320, 64450, 64910,,,, 65430, 65910,,,, 70230, 70710,,,, 71030, 71510,,,, 71830, 72310,,,, 72630, 73110,,,, 73430, 73910,,,, 74230, 74710,,,, 75030, 75510,,,, 75830, 80310,,,, 80630, 81110,,,, 81430, 81910,,,, 82230, 82710,,,, 83030, 83510,,,, 83725, 84310,,,, 84540, 84335, 85140,,,, 85240, 85910,,,,,,,, 90500,,,,, 90940,, 91205, 91710,,,, 92205, 92710,,,, 93205, 93710,,, 94205, 94710,,, 95205, 95710,,,,100205,100710,,,101205,101710,,,102205,102710,,,103205,103710,,,104205,104710,,,105205,105710,,,110205,110710,,,111205,111710,,,112205,112710,,,113205,113710,,,114205,114710,,,115205,115710,,,120205,120710,,,121205,121710,,,122205,122710,,,123205,123710,,,124205,124710,,,125205,125710,,,130205,130710,,,131205,131710,,,132205,132710,,,133205,133710,,,134205,134710,,,135205,135710,,,140205,140710,,,141205,141710,,,142205,142710,,,143205,143710,,,144205,144710,,,145205,145710,,,150205,150710,,,151205,151710,,,152205,152710,,,153205,153710,,,154205,154710,,,155205,155710,,,160205,160710,,,161205,161710,,,162205,162710,,,163205,163710,,,164205,164710,,,165205,165710,,,170205,170710,,,171205,171710,171950,,,172205,172710,,,173205,173710,173950,,,174205,174710,,,,175205,175640,175850,,,180205,180710,,,181005,181510,,,181805,182310,,,182605,183110,,,183405,183910,,,184205,184710,,,185005,185510,,,185805,190310,,,190605,191110,,,191405,191910,,,192205,192710,,,193005,193510,,,193805,194310,,,194605,195110,,,195405,195910,,,200205,200710,,,201005,201510,,,201805,202310,,,202605,203110,,,203405,203910,,,,204710,,,204815,205510,,,,210310,,,210615,211310,,,211805,212310,,,,,,212805,213310,,,213805,214310,,,214805,215310,,,215805,220310,,,220805,221310,,,221805,222310,,,,222805,223310,,,223805,224310,,,,225310,,,225805,230810,,,231805,,,,232800,233310,,,234300,234810,,,, 00310,,, 01300, 01810,,,,, 03810,,, 05300, 05810,,,
汐浪公園,番線,3,,3,,,3,,,,,4,3,,3,,,3,3,,,3,4,3,,,3,3,,,3,3,,,3,4,3,,,,3,3,,,,3,3,,,,3,3,,,,3,3,,,,3,3,,,,3,3,,,,3,3,,,,3,3,,,,3,3,,,,3,3,,,,3,3,,,,3,3,,,,3,3,,,,3,3,,,,3,4,4,,,,3,3,,,,,,,,3,,,,,3,,3,3,,,,3,3,,,,3,3,,,3,3,,,3,3,,,,3,3,,,3,3,,,3,3,,,3,3,,,3,3,,,3,3,,,3,3,,,3,3,,,3,3,,,3,3,,,3,3,,,3,3,,,3,3,,,3,3,,,3,3,,,3,3,,,3,3,,,3,3,,,3,3,,,3,3,,,3,3,,,3,3,,,3,3,,,3,3,,,3,3,,,3,4,,,3,3,,,3,3,,,3,3,,,3,3,,,3,3,,,3,3,,,3,3,,,3,3,,,3,3,,,3,3,,,3,3,,,3,3,,,3,3,,,3,3,,,3,3,,,3,3,,,3,3,,,3,3,4,,,3,3,,,3,3,4,,,3,3,,,,3,3,4,,,3,3,,,3,3,,,3,3,,,3,3,,,3,3,,,3,3,,,3,3,,,3,3,,,3,3,,,3,3,,,3,3,,,3,3,,,3,3,,,3,3,,,3,3,,,3,3,,,3,3,,,3,3,,,3,3,,,3,3,,,,4,,,3,3,,,,3,,,3,3,,,3,3,,,,,,3,3,,,3,3,,,3,3,,,3,3,,,3,3,,,3,3,,,,3,3,,,3,3,,,,3,,,3,3,,,3,,,,3,3,,,3,3,,,,3,,,3,3,,,,,3,,,3,4,,,
汐浪公園,発, 45440,, 51440,,, 53440,,,,, 54500, 54740,, 60140,,, 60350, 61140,,, 61350, 62000, 62140,,, 62350, 63140,,, 63350, 63940,,, 64350, 64815, 64940,,,, 65500, 65940,,,, 70300, 70740,,,, 71100, 71540,,,, 71900, 72340,,,, 72700, 73140,,,, 73500, 73940,,,, 74300, 74740,,,, 75100, 75540,,,, 75900, 80340,,,, 80700, 81140,,,, 81500, 81940,,,, 82300, 82740,,,, 83100, 83540,,,, 83755, 84340,,,, 84610, 84900, 85410,,,, 85310, 85940,,,,,,,, 90530,,,,, 91010,, 91235, 91740,,,, 92235, 92740,,,, 93235, 93740,,, 94235, 94740,,, 95235, 95740,,,,100235,100740,,,101235,101740,,,102235,102740,,,103235,103740,,,104235,104740,,,105235,105740,,,110235,110740,,,111235,111740,,,112235,112740,,,113235,113740,,,114235,114740,,,115235,115740,,,120235,120740,,,121235,121740,,,122235,122740,,,123235,123740,,,124235,124740,,,125235,125740,,,130235,130740,,,131235,131740,,,132235,132740,,,133235,133740,,,134235,134740,,,135235,135740,,,140235,140740,,,141235,141740,,,142235,142740,,,143235,143740,,,144235,144740,,,145235,145740,,,150235,150740,,,151235,151740,,,152235,152740,,,153235,153740,,,154235,154740,,,155235,155740,,,160235,160740,,,161235,161740,,,162235,162740,,,163235,163740,,,164235,164740,,,165235,165740,,,170235,170740,,,171235,171740,172335,,,172235,172740,,,173235,173740,174630,,,174235,174740,,,,175235,175710,180400,,,180235,180740,,,181035,181540,,,181835,182340,,,182635,183140,,,183435,183940,,,184235,184740,,,185035,185540,,,185835,190340,,,190635,191140,,,191435,191940,,,192235,192740,,,193035,193540,,,193835,194340,,,194635,195140,,,195435,195940,,,200235,200740,,,201035,201540,,,201835,202340,,,202635,203140,,,203435,203940,,,,204945,,,204845,205540,,,,210340,,,210645,211340,,,211835,212340,,,,,,212835,213340,,,213835,214340,,,214835,215340,,,215835,220340,,,220835,221340,,,221835,222340,,,,222835,223340,,,223835,224340,,,,225340,,,225935,230840,,,231835,,,,232830,233340,,,234330,234840,,,, 00340,,, 01330, 01840,,,,, 03840,,, 05330,,,,
古中大通り,発, 45650,, 51650,,, 53650,,,,, ﾚ, 54950,, 60350,,, 60550, 61350,,, 61550, ﾚ, 62350,,, 62550, 63350,,, 63550, 64150,,, 64550, ﾚ, 65150,,,, 65700, 70150,,,, 70500, 70950,,,, 71300, 71750,,,, 72100, 72550,,,, 72900, 73350,,,, 73700, 74150,,,, 74500, 74950,,,, 75300, 75750,,,, 80100, 80550,,,, 80900, 81350,,,, 81700, 82150,,,, 82500, 82950,,,, 83300, 83750,,,, ﾚ, 84550,,,, ﾚ, ﾚ, 85620,,,, ﾚ, 90150,,,,,,,, ﾚ,,,,, 91220,, ﾚ, 91950,,,, ﾚ, 92950,,,, ﾚ, 93950,,, ﾚ, 94950,,, ﾚ, 95950,,,, ﾚ,100950,,, ﾚ,101950,,, ﾚ,102950,,, ﾚ,103950,,, ﾚ,104950,,, ﾚ,105950,,, ﾚ,110950,,, ﾚ,111950,,, ﾚ,112950,,, ﾚ,113950,,, ﾚ,114950,,, ﾚ,115950,,, ﾚ,120950,,, ﾚ,121950,,, ﾚ,122950,,, ﾚ,123950,,, ﾚ,124950,,, ﾚ,125950,,, ﾚ,130950,,, ﾚ,131950,,, ﾚ,132950,,, ﾚ,133950,,, ﾚ,134950,,, ﾚ,135950,,, ﾚ,140950,,, ﾚ,141950,,, ﾚ,142950,,, ﾚ,143950,,, ﾚ,144950,,, ﾚ,145950,,, ﾚ,150950,,, ﾚ,151950,,, ﾚ,152950,,, ﾚ,153950,,, ﾚ,154950,,, ﾚ,155950,,, ﾚ,160950,,, ﾚ,161950,,, ﾚ,162950,,, ﾚ,163950,,, ﾚ,164950,,, ﾚ,165950,,, ﾚ,170950,,, ﾚ,171950, ﾚ,,, ﾚ,172950,,, ﾚ,173950, ﾚ,,, ﾚ,174950,,,, ﾚ,175920, ﾚ,,, ﾚ,180950,,, ﾚ,181750,,, ﾚ,182550,,, ﾚ,183350,,, ﾚ,184150,,, ﾚ,184950,,, ﾚ,185750,,, ﾚ,190550,,, ﾚ,191350,,, ﾚ,192150,,, ﾚ,192950,,, ﾚ,193750,,, ﾚ,194550,,, ﾚ,195350,,, ﾚ,200150,,, ﾚ,200950,,, ﾚ,201750,,, ﾚ,202550,,, ﾚ,203350,,, ﾚ,204150,,,,205155,,, ﾚ,205750,,,,210550,,, ﾚ,211550,,, ﾚ,212550,,,,,, ﾚ,213550,,, ﾚ,214550,,, ﾚ,215550,,, ﾚ,220550,,, ﾚ,221550,,, ﾚ,222550,,,, ﾚ,223550,,, ﾚ,224550,,,,225550,,, ﾚ,231050,,,232045,,,, ﾚ,233550,,, ﾚ,235050,,,, 00550,,, ﾚ, 02050,,,,, 04050,,, ﾚ,,,,
汐浦・中華街,着, 45830,, 51830,,, 53830,,,,, 54735, 55130,, 60530,,, 60730, 61530,,, 61730, 62245, 62530,,, 62730, 63530,,, 63730, 64330,,, 64730, 65100, 65330,,,, 65840, 70330,,,, 70640, 71130,,,, 71440, 71930,,,, 72240, 72730,,,, 73040, 73530,,,, 73840, 74330,,,, 74640, 75130,,,, 75440, 75930,,,, 80240, 80730,,,, 81040, 81530,,,, 81840, 82330,,,, 82640, 83130,,,, 83440, 83930,,,, 84030, 84730,,,, 84845, 85145, 85800,,,, 85545, 90330,,,,,,,, 90805,,,,, 91400,, 91510, 92130,,,, 92510, 93130,,,, 93510, 94130,,, 94510, 95130,,, 95510,100130,,,,100510,101130,,,101510,102130,,,102510,103130,,,103510,104130,,,104510,105130,,,105510,110130,,,110510,111130,,,111510,112130,,,112510,113130,,,113510,114130,,,114510,115130,,,115510,120130,,,120510,121130,,,121510,122130,,,122510,123130,,,123510,124130,,,124510,125130,,,125510,130130,,,130510,131130,,,131510,132130,,,132510,133130,,,133510,134130,,,134510,135130,,,135510,140130,,,140510,141130,,,141510,142130,,,142510,143130,,,143510,144130,,,144510,145130,,,145510,150130,,,150510,151130,,,151510,152130,,,152510,153130,,,153510,154130,,,154510,155130,,,155510,160130,,,160510,161130,,,161510,162130,,,162510,163130,,,163510,164130,,,164510,165130,,,165510,170130,,,170510,171130,,,171510,172130,172620,,,172510,173130,,,173510,174130,174915,,,174510,175130,,,,175510,180100,180645,,,180510,181130,,,181310,181930,,,182110,182730,,,182910,183530,,,183710,184330,,,184510,185130,,,185310,185930,,,190110,190730,,,190910,191530,,,191710,192330,,,192510,193130,,,193310,193930,,,194110,194730,,,194910,195530,,,195710,200330,,,200510,201130,,,201310,201930,,,202110,202730,,,202910,203530,,,203710,204330,,,,205335,,,205120,205930,,,,210730,,,210920,211730,,,212110,212730,,,,,,213110,213730,,,214110,214730,,,215110,215730,,,220110,220730,,,221110,221730,,,222110,222730,,,,223110,223730,,,224110,224730,,,,225730,,,230210,231230,,,232225,,,,233105,233730,,,234605,235230,,,, 00730,,, 01605, 02230,,,,, 04230,,, 05605,,,,
汐浦・中華街,番線,1,,1,,,1,,,,,2,1,,1,,,2,1,,,2,2,1,,,2,1,,,2,1,,,2,1,2,,,,1,2,,,,1,2,,,,1,2,,,,1,2,,,,1,2,,,,1,2,,,,1,2,,,,1,2,,,,1,2,,,,1,2,,,,1,2,,,,1,2,,,,1,2,,,,1,2,,,,1,2,2,,,,1,2,,,,,,,,1,,,,,2,,1,2,,,,1,2,,,,1,2,,,1,2,,,1,2,,,,1,2,,,1,2,,,1,2,,,1,2,,,1,2,,,1,2,,,1,2,,,1,2,,,1,2,,,1,2,,,1,2,,,1,2,,,1,2,,,1,2,,,1,2,,,1,2,,,1,2,,,1,2,,,1,2,,,1,2,,,1,2,,,1,2,,,1,2,,,1,2,,,1,2,,,1,2,,,1,2,,,1,2,,,1,2,,,1,2,,,1,2,,,1,2,,,1,2,,,1,2,,,1,2,,,1,2,,,1,2,,,1,2,,,1,2,,,1,2,,,1,2,,,1,2,,,1,2,,,1,2,2,,,1,1,,,2,2,2,,,1,1,,,,2,1,1,,,2,2,,,1,2,,,1,2,,,1,2,,,1,2,,,1,2,,,1,2,,,1,2,,,1,2,,,1,2,,,1,2,,,1,2,,,1,2,,,1,2,,,1,2,,,1,2,,,1,2,,,1,2,,,1,2,,,1,2,,,,1,,,2,2,,,,1,,,2,1,,,2,1,,,,,,2,1,,,2,1,,,2,1,,,2,1,,,2,1,,,2,1,,,,2,1,,,2,1,,,,2,,,1,2,,,1,,,,2,1,,,2,1,,,,2,,,2,1,,,,,1,,,1,,,,
備考,,,,,,,,,,,,,,,,,,,,,,,,,,,,,,,,,,,,,,,,,,,,,,,,,,,,,,,,,,,,,,,,,,,,,,,,,,,,,,,,,,,,,,,,,,,,,,,,,,,,,,,,,,,,,,,,,,,菊中-市場 低速運転,,,,,,,,,,,,,,,,,,,,,,,,,,,,,,,,,,,,,,,,,,,,,,,,,,,,,,,,,,,,,,,,,,,,,,,,,,,,,,,,,,,,,,,,,,,,,,,,,,,,,,,,,,,,,,,,,,,,,,,,,,,,,,,,,,,,,,,,,,,,,,,,,,,,,,,,,,,,,,,,,,,,,,,,,,,,,,,,,,,,,,,,,,,,,,,,,,,,,,,,,,,,,,,,,,,,,,,,,,,,,,,,,,,,,,,,,,,,,,,,,,,,,,,,,,,,,,,,,,,,,,,,,,,,,,,,,,,,,,,,,,,,,,,,,,,,,,,,,,,,,,,,,,,,,,,,,,,,,,,,,,,,,,,,,,,,,,,,,,,,,,,,,,,,,,,,,,,,,,,,,,,,,,,,,,,,,,,,,,,,,,,,,,,,,,,,,,,,,,,,,,,,,,,,,,
